/*
 Navicat Premium Data Transfer

 Source Server         : warning_letter_system
 Source Server Type    : MySQL
 Source Server Version : 100432
 Source Host           : localhost:3306
 Source Schema         : warning_letter_system

 Target Server Type    : MySQL
 Target Server Version : 100432
 File Encoding         : 65001

 Date: 29/09/2024 23:33:13
*/

SET NAMES utf8mb4;
SET FOREIGN_KEY_CHECKS = 0;

-- ----------------------------
-- Table structure for frm_target
-- ----------------------------
DROP TABLE IF EXISTS `frm_target`;
CREATE TABLE `frm_target`  (
  `f_id` int NOT NULL AUTO_INCREMENT,
  `usr_id` int NOT NULL,
  `usr_fname` varchar(255) CHARACTER SET utf8mb4 COLLATE utf8mb4_general_ci NOT NULL,
  `usr_lname` varchar(255) CHARACTER SET utf8mb4 COLLATE utf8mb4_general_ci NOT NULL,
  `usr_pos_name` varchar(255) CHARACTER SET utf8mb4 COLLATE utf8mb4_general_ci NOT NULL,
  `usr_dep_name` text CHARACTER SET utf8mb4 COLLATE utf8mb4_general_ci NOT NULL,
  `create_date` timestamp NOT NULL DEFAULT current_timestamp ON UPDATE CURRENT_TIMESTAMP,
  `letter_id` int NOT NULL,
  `f_status` int NOT NULL COMMENT '1 เซ็นแล้ว\r\n2 ยังไม่เซ็น',
  `f_image` text CHARACTER SET utf8mb4 COLLATE utf8mb4_general_ci NOT NULL,
  `prefix_name` varchar(255) CHARACTER SET utf8mb4 COLLATE utf8mb4_general_ci NULL DEFAULT NULL,
  `date_sign` date NULL DEFAULT NULL,
  PRIMARY KEY (`f_id`) USING BTREE
) ENGINE = InnoDB AUTO_INCREMENT = 60 CHARACTER SET = utf8mb4 COLLATE = utf8mb4_general_ci ROW_FORMAT = Dynamic;

-- ----------------------------
-- Records of frm_target
-- ----------------------------
INSERT INTO `frm_target` VALUES (2, 1, 'Admin', '', '', '', '2024-09-28 22:49:15', 2, 2, '', 'นาย', NULL);
INSERT INTO `frm_target` VALUES (3, 8, 'asdf', '', '', '', '2024-09-28 22:49:15', 2, 2, '', 'นาย', NULL);
INSERT INTO `frm_target` VALUES (4, 1, 'Admin', '', '', '', '2024-09-28 22:49:15', 3, 2, '', 'นาย', NULL);
INSERT INTO `frm_target` VALUES (5, 8, 'asdf', '', '', '', '2024-09-28 22:49:15', 3, 2, '', 'นาย', NULL);
INSERT INTO `frm_target` VALUES (33, 5, 'asdf', 'ผู้บริหาร', '', 'Hr', '2024-09-28 22:49:15', 11, 2, '', 'นาย', NULL);
INSERT INTO `frm_target` VALUES (34, 4, 'asdf', 'asdf', 'ผู้บริหาร', 'Hr', '2024-09-28 22:49:15', 12, 2, '', 'นาย', NULL);
INSERT INTO `frm_target` VALUES (35, 1, 'Admin', 'SuperAdmin', 'ผู้บริหาร', 'Hr', '2024-09-28 22:49:15', 13, 2, '', 'นาย', NULL);
INSERT INTO `frm_target` VALUES (59, 1, 'Admin', 'SuperAdmin', 'ผู้บริหาร', 'Hr', '2024-09-29 18:31:33', 14, 2, '', 'นาย', NULL);

-- ----------------------------
-- Table structure for frm_witness
-- ----------------------------
DROP TABLE IF EXISTS `frm_witness`;
CREATE TABLE `frm_witness`  (
  `f_id` int NOT NULL AUTO_INCREMENT,
  `usr_id` int NOT NULL,
  `usr_fname` varchar(255) CHARACTER SET utf8mb4 COLLATE utf8mb4_general_ci NOT NULL,
  `usr_lname` varchar(255) CHARACTER SET utf8mb4 COLLATE utf8mb4_general_ci NOT NULL,
  `usr_dep_name` varchar(255) CHARACTER SET utf8mb4 COLLATE utf8mb4_general_ci NOT NULL,
  `usr_pos_name` varchar(255) CHARACTER SET utf8mb4 COLLATE utf8mb4_general_ci NOT NULL,
  `f_status` int NOT NULL,
  `f_image` text CHARACTER SET utf8mb4 COLLATE utf8mb4_general_ci NOT NULL,
  `f_create` timestamp NOT NULL DEFAULT current_timestamp ON UPDATE CURRENT_TIMESTAMP,
  `letter_id` int NOT NULL,
  `prefix_name` varchar(255) CHARACTER SET utf8mb4 COLLATE utf8mb4_general_ci NULL DEFAULT NULL,
  `date_sign` date NULL DEFAULT NULL,
  PRIMARY KEY (`f_id`) USING BTREE
) ENGINE = InnoDB AUTO_INCREMENT = 46 CHARACTER SET = utf8mb4 COLLATE = utf8mb4_general_ci ROW_FORMAT = Dynamic;

-- ----------------------------
-- Records of frm_witness
-- ----------------------------
INSERT INTO `frm_witness` VALUES (2, 1, 'Admin', '', '', '', 2, '', '2024-09-28 22:49:21', 2, 'นาย', NULL);
INSERT INTO `frm_witness` VALUES (3, 8, 'asdf', '', '', '', 2, '', '2024-09-28 22:49:21', 2, 'นาย', NULL);
INSERT INTO `frm_witness` VALUES (4, 1, 'Admin', '', '', '', 2, '', '2024-09-28 22:49:21', 3, 'นาย', NULL);
INSERT INTO `frm_witness` VALUES (5, 8, 'asdf', '', '', '', 2, '', '2024-09-28 22:49:21', 3, 'นาย', NULL);
INSERT INTO `frm_witness` VALUES (37, 1, 'Admin', 'ผู้บริหาร', 'Hr', '', 2, '', '2024-09-28 22:49:21', 11, 'นาย', NULL);
INSERT INTO `frm_witness` VALUES (38, 4, 'asdf', 'asdf', 'Hr', 'ผู้บริหาร', 2, '', '2024-09-28 22:49:21', 12, 'นาย', NULL);
INSERT INTO `frm_witness` VALUES (39, 1, 'Admin', 'SuperAdmin', 'Hr', 'ผู้บริหาร', 2, '', '2024-09-28 22:49:21', 13, 'นาย', NULL);
INSERT INTO `frm_witness` VALUES (40, 7, 'asdf', 'asdf', 'Hr', 'ผู้บริหาร', 2, '', '2024-09-29 18:14:26', 13, 'นาย', NULL);
INSERT INTO `frm_witness` VALUES (45, 1, 'Admin', 'SuperAdmin', 'Hr', 'ผู้บริหาร', 2, '', '2024-09-29 18:31:33', 14, 'นาย', NULL);

-- ----------------------------
-- Table structure for m_file_attach
-- ----------------------------
DROP TABLE IF EXISTS `m_file_attach`;
CREATE TABLE `m_file_attach`  (
  `file_id` int NOT NULL AUTO_INCREMENT,
  `letter_id` varchar(255) CHARACTER SET utf8mb4 COLLATE utf8mb4_general_ci NULL DEFAULT NULL,
  `file_name` varchar(255) CHARACTER SET utf8mb4 COLLATE utf8mb4_general_ci NULL DEFAULT NULL,
  `file_tempname` varchar(255) CHARACTER SET utf8mb4 COLLATE utf8mb4_general_ci NULL DEFAULT NULL,
  `create_date` date NULL DEFAULT NULL,
  `create_user` int NULL DEFAULT NULL,
  `update_date` date NULL DEFAULT NULL,
  `update_user` int NULL DEFAULT NULL,
  `full_url` varchar(255) CHARACTER SET utf8mb4 COLLATE utf8mb4_general_ci NULL DEFAULT NULL,
  PRIMARY KEY (`file_id`) USING BTREE
) ENGINE = InnoDB AUTO_INCREMENT = 29 CHARACTER SET = utf8mb4 COLLATE = utf8mb4_general_ci ROW_FORMAT = Dynamic;

-- ----------------------------
-- Records of m_file_attach
-- ----------------------------
INSERT INTO `m_file_attach` VALUES (1, '2147483647', 'แก้เคส.txt', '20240922155139773.txt', NULL, 1, NULL, NULL, '../fileupload/202409/20240922155139773.txt');
INSERT INTO `m_file_attach` VALUES (2, '2147483647', 'แก้เคส.txt', '202409221607275606.txt', '2024-09-22', 1, NULL, NULL, '../fileupload/202409/202409221607275606.txt');
INSERT INTO `m_file_attach` VALUES (3, '2147483647', 'แก้เคส.txt', '202409221608122925.txt', '2024-09-22', 1, NULL, NULL, '../fileupload/202409/202409221608122925.txt');
INSERT INTO `m_file_attach` VALUES (4, '2147483647', 'แก้เคส.txt', '202409221700246192.txt', '2024-09-22', 1, NULL, NULL, '../fileupload/202409/202409221700246192.txt');
INSERT INTO `m_file_attach` VALUES (5, '2147483647', 'get_process_20240909.txt', '202409221700243840.txt', '2024-09-22', 1, NULL, NULL, '../fileupload/202409/202409221700243840.txt');
INSERT INTO `m_file_attach` VALUES (6, '2147483647', 'แก้เคส.txt', '202409221701282388.txt', '2024-09-22', 1, NULL, NULL, '../fileupload/202409/202409221701282388.txt');
INSERT INTO `m_file_attach` VALUES (7, '2147483647', 'แก้เคส.txt', '202409221705433447.txt', '2024-09-22', 1, NULL, NULL, '../fileupload/202409/202409221705433447.txt');
INSERT INTO `m_file_attach` VALUES (8, '2147483647', 'แก้เคส.txt', '202409221706162029.txt', '2024-09-22', 1, NULL, NULL, '../fileupload/202409/202409221706162029.txt');
INSERT INTO `m_file_attach` VALUES (9, '2147483647', 'แก้เคส.txt', '202409221710323018.txt', '2024-09-22', 1, NULL, NULL, '../fileupload/202409/202409221710323018.txt');
INSERT INTO `m_file_attach` VALUES (10, '2147483647', 'get_process_20240909.txt', '202409221710321525.txt', '2024-09-22', 1, NULL, NULL, '../fileupload/202409/202409221710321525.txt');
INSERT INTO `m_file_attach` VALUES (11, '2147483647', 'แก้เคส.txt', '202409221712367964.txt', '2024-09-22', 1, NULL, NULL, '../fileupload/202409/202409221712367964.txt');
INSERT INTO `m_file_attach` VALUES (12, '2147483647', 'get_process_20240909.txt', '202409221712368665.txt', '2024-09-22', 1, NULL, NULL, '../fileupload/202409/202409221712368665.txt');
INSERT INTO `m_file_attach` VALUES (13, '2147483647', 'แก้เคส.txt', '202409221720156742.txt', '2024-09-22', 1, NULL, NULL, '../fileupload/202409/202409221720156742.txt');
INSERT INTO `m_file_attach` VALUES (14, '2147483647', 'get_process_20240909.txt', '202409221720158947.txt', '2024-09-22', 1, NULL, NULL, '../fileupload/202409/202409221720158947.txt');
INSERT INTO `m_file_attach` VALUES (15, '2147483647', 'แก้เคส.txt', '20240922182804538.txt', '2024-09-22', 1, NULL, NULL, '../fileupload/202409/20240922182804538.txt');
INSERT INTO `m_file_attach` VALUES (16, '2147483647', 'mpdf.pdf', '202409221828045967.pdf', '2024-09-22', 1, NULL, NULL, '../fileupload/202409/202409221828045967.pdf');
INSERT INTO `m_file_attach` VALUES (17, '2147483647', 'แก้เคส.txt', '202409221828572901.txt', '2024-09-22', 1, NULL, NULL, '../fileupload/202409/202409221828572901.txt');
INSERT INTO `m_file_attach` VALUES (18, '2147483647', 'mpdf.pdf', '202409221828573516.pdf', '2024-09-22', 1, NULL, NULL, '../fileupload/202409/202409221828573516.pdf');
INSERT INTO `m_file_attach` VALUES (19, '2147483647', 'mpdf.pdf', '202409221830005416.pdf', '2024-09-22', 1, NULL, NULL, '../fileupload/202409/202409221830005416.pdf');
INSERT INTO `m_file_attach` VALUES (20, '2147483647', 'แก้เคส.txt', '202409221831456988.txt', '2024-09-22', 1, NULL, NULL, '../fileupload/202409/202409221831456988.txt');
INSERT INTO `m_file_attach` VALUES (24, '11', 'แก้เคส (1) (1).txt', '20240928151953245.txt', '2024-09-28', 1, NULL, NULL, '../fileupload/202409/20240928151953245.txt');
INSERT INTO `m_file_attach` VALUES (25, '12', 'แก้เคส (1) (1).txt', '202409281525208232.txt', '2024-09-28', 1, NULL, NULL, '../fileupload/202409/202409281525208232.txt');
INSERT INTO `m_file_attach` VALUES (26, '14', 'แก้เคส (1) (1).txt', '202409281641025840.txt', '2024-09-28', 1, NULL, NULL, '../fileupload/202409/202409281641025840.txt');
INSERT INTO `m_file_attach` VALUES (27, '202409290558341', 'แก้เคส (1) (1).txt', '202409291758505278.txt', '2024-09-29', 1, NULL, NULL, '../fileupload/202409/202409291758505278.txt');
INSERT INTO `m_file_attach` VALUES (28, '14', 'mpdf (3).pdf', '202409291818278193.pdf', '2024-09-29', 1, NULL, NULL, '../fileupload/202409/202409291818278193.pdf');

-- ----------------------------
-- Table structure for m_letter
-- ----------------------------
DROP TABLE IF EXISTS `m_letter`;
CREATE TABLE `m_letter`  (
  `letter_id` int NOT NULL AUTO_INCREMENT,
  `usr_id` int NULL DEFAULT NULL,
  `dep_id` int NULL DEFAULT NULL,
  `letter_number` varchar(50) CHARACTER SET utf8mb4 COLLATE utf8mb4_general_ci NULL DEFAULT NULL,
  `letter_count` int NULL DEFAULT NULL,
  `letter_year` int NULL DEFAULT NULL,
  `letter_write_address` text CHARACTER SET utf8mb4 COLLATE utf8mb4_general_ci NULL,
  `letter_date` date NULL DEFAULT NULL,
  `letter_name` text CHARACTER SET utf8mb4 COLLATE utf8mb4_general_ci NULL,
  `letter_target` text CHARACTER SET utf8mb4 COLLATE utf8mb4_general_ci NULL,
  `letter_detail` text CHARACTER SET utf8mb4 COLLATE utf8mb4_general_ci NULL,
  `letter_status` int NULL DEFAULT NULL COMMENT '0 create\r\n1 ส่งให้ Hr\r\n2 อนุมัติ Hr\r\n3 ยกเลิก\r\n4 เสร็จสิ้น 5 ส่งกลับแก้ไข',
  `letter_reason` text CHARACTER SET utf8mb4 COLLATE utf8mb4_general_ci NULL,
  `letter_type` int NULL DEFAULT NULL,
  `letter_type_name` varchar(255) CHARACTER SET utf8mb4 COLLATE utf8mb4_general_ci NULL DEFAULT NULL,
  `img_create` text CHARACTER SET utf8mb4 COLLATE utf8mb4_general_ci NULL,
  `img_hr` text CHARACTER SET utf8mb4 COLLATE utf8mb4_general_ci NULL,
  `hr_id` int NULL DEFAULT NULL,
  `hr_name` varchar(255) CHARACTER SET utf8mb4 COLLATE utf8mb4_general_ci NULL DEFAULT NULL,
  `hr_position` varchar(255) CHARACTER SET utf8mb4 COLLATE utf8mb4_general_ci NULL DEFAULT NULL,
  `hr_apporve_date` date NULL DEFAULT NULL,
  `hr_appove_time` varchar(30) CHARACTER SET utf8mb4 COLLATE utf8mb4_general_ci NULL DEFAULT NULL,
  `hr_appove_status` varchar(1) CHARACTER SET utf8mb4 COLLATE utf8mb4_general_ci NULL DEFAULT NULL,
  PRIMARY KEY (`letter_id`) USING BTREE
) ENGINE = InnoDB AUTO_INCREMENT = 15 CHARACTER SET = utf8mb4 COLLATE = utf8mb4_general_ci ROW_FORMAT = Dynamic;

-- ----------------------------
-- Records of m_letter
-- ----------------------------
INSERT INTO `m_letter` VALUES (2, 1, 1, '1', 1, 2024, 'ห้องประชุม', '2024-09-22', 'ให้ปากคำ', NULL, '', 0, NULL, 0, '', NULL, NULL, NULL, NULL, NULL, NULL, NULL, NULL);
INSERT INTO `m_letter` VALUES (3, 1, 1, '2', 2, 2024, 'ห้องประชุม', '2024-09-22', 'ให้ปากคำ', NULL, '', 0, NULL, 0, '', NULL, NULL, NULL, NULL, NULL, NULL, NULL, NULL);
INSERT INTO `m_letter` VALUES (11, 1, 1, '10/2024', 10, 2024, 'ฟหกด', '2024-09-22', 'ฟหกด', 'นายasdf asdf (ผู้บริหาร) (Hr)', '<p>ฟหกด</p>', 0, NULL, 7, 'testa', NULL, NULL, NULL, NULL, NULL, NULL, NULL, NULL);
INSERT INTO `m_letter` VALUES (12, 1, 1, '11/2567', 11, 2024, 'ห้องประชุม', '2024-09-28', 'กก', 'นายasdf asdf (ผู้บริหาร) (Hr)', '<p>กก</p>', 1, NULL, 7, 'testa', NULL, NULL, NULL, NULL, NULL, NULL, NULL, NULL);
INSERT INTO `m_letter` VALUES (13, 1, 1, '12/2567', 12, 2024, 'บริษัท', '2024-09-28', 'ประวัติความเป็นมานิทานอีสป', 'นายAdmin SuperAdmin (ผู้บริหาร) (Hr),นายasdf asdf (ผู้บริหาร) (Hr),นายasdf asdf (ผู้บริหาร) (Hr)', '<p>	เรื่องราวและที่มาของนิทานอีสป เนื่องจากอีสปมีชีวิตอยู่เมื่อหลายหลายพันปีล่วงมาแล้ว จึงยากที่จะได้ข้อมูลเกี่ยวข้องกับประวัติของอีสปที่ถูกต้องสมบูรณ์ครบถ้วน อย่างไรก็ตาม แม้จะมีข้อมูลอยู่หลายกระแส แต่นักค้นคว้าประวัติส่วนใหญ่ของอีสปก็เห็นพ้องต้องกันว่าข้อมูลต่อไปนี้ \"น่าจะเป็นเรื่องราวของอีสปที่ถูกต้องมากที่สุด\"&nbsp;</p><p>&nbsp;&nbsp;&nbsp;อีสป เป็นทาสชาวกรีกคนหนึ่งซึ่งมีชีวิตอยู่ในช่วงเวลา 560 - 620 ปีก่อนคริสต์ศักราช หรือ 208 ปี ก่อนพุทธศักราช (พระพุทธเจ้าประสูตรเมื่อ 80 ปี ก่อนพุทธศักราช) นับเวลาถึงปัจจุบันได้ 2,755 - 2,815 ปี เขาอาศัยอยู่ที่เมืองซาร์ดิสบนเกาะซามอสของประเทศกรีก เกาะนี้ตั้งอยู่ที่นอกชายฝั่งของประเทศตุรกีในปัจจุบัน ในสมัยกรีกโบราณชายฝั่งทะเลทั้งหมดของประเทศตุรกีก็มีชาวกรีกอาศัยอยู่อย่างหนาแน่น อีสปเป็นคนพิการ ขี่เหร่ แต่เขามีจิตใจที่งดงาม ซึ่งตรงกันข้ามกับสังขารของเขา เริ่มแรกนั้นอีสปมาจากเทรซซึ่งเป็นนครรัฐแห่งหนึ่งในสมัยโบราณ ปัจจุบันเทรซเป็นดินแดนส่วนหนึ่งของกรีกและบัลแกเรีย อีสปไปทำงานเป็นทาสที่เกาะซามอสกับนายทาส ชื่อเอียดมอน ในระหว่างที่เป็นทาส อีสปได้นำชื่อเสียงมาสู่ตนเองและนายของเขาด้วยการเป็นนักเล่านิทานผู้มีความสามารถจนเป็นที่รู้จักกันดีในท้องถิ่นนั้น ในที่สุดอีสปก็ถูกปลดปล่อยให้เป็นอิสระจากการเป็นทาส เนื่องจากความเป็นผู้ที่มีไหวพริบและสติปัญญาอันเฉียบแหลมของเขานั่นเอง&nbsp;</p><p><br></p>', 1, NULL, 7, 'testa', NULL, NULL, NULL, NULL, NULL, NULL, NULL, NULL);
INSERT INTO `m_letter` VALUES (14, 1, 1, '13/2567', 13, 2024, 'ห้องประชุม', '2024-09-28', 'dd', 'นายAdmin SuperAdmin (ผู้บริหาร) (Hr)', '<p>&nbsp;&nbsp;&nbsp;&nbsp;เรื่องราวและที่มาของนิทานอีสป เนื่องจากอีสปมีชีวิตอยู่เมื่อหลายหลายพันปีล่วงมาแล้ว จึงยากที่จะได้ข้อมูลเกี่ยวข้องกับประวัติของอีสปที่ถูกต้องสมบูรณ์ครบถ้วน อย่างไรก็ตาม แม้จะมีข้อมูลอยู่หลายกระแส แต่นักค้นคว้าประวัติส่วนใหญ่ของอีสปก็เห็นพ้องต้องกันว่าข้อมูลต่อไปนี้ \"น่าจะเป็นเรื่องราวของอีสปที่ถูกต้องมากที่สุด\"&nbsp;</p><p>&nbsp;&nbsp;&nbsp;อีสป เป็นทาสชาวกรีกคนหนึ่งซึ่งมีชีวิตอยู่ในช่วงเวลา 560 - 620 ปีก่อนคริสต์ศักราช หรือ 208 ปี ก่อนพุทธศักราช (พระพุทธเจ้าประสูตรเมื่อ 80 ปี ก่อนพุทธศักราช) นับเวลาถึงปัจจุบันได้ 2,755 - 2,815 ปี เขาอาศัยอยู่ที่เมืองซาร์ดิสบนเกาะซามอสของประเทศกรีก เกาะนี้ตั้งอยู่ที่นอกชายฝั่งของประเทศตุรกีในปัจจุบัน ในสมัยกรีกโบราณชายฝั่งทะเลทั้งหมดของประเทศตุรกีก็มีชาวกรีกอาศัยอยู่อย่างหนาแน่น อีสปเป็นคนพิการ ขี่เหร่ แต่เขามีจิตใจที่งดงาม ซึ่งตรงกันข้ามกับสังขารของเขา เริ่มแรกนั้นอีสปมาจากเทรซซึ่งเป็นนครรัฐแห่งหนึ่งในสมัยโบราณ ปัจจุบันเทรซเป็นดินแดนส่วนหนึ่งของกรีกและบัลแกเรีย อีสปไปทำงานเป็นทาสที่เกาะซามอสกับนายทาส ชื่อเอียดมอน ในระหว่างที่เป็นทาส อีสปได้นำชื่อเสียงมาสู่ตนเองและนายของเขาด้วยการเป็นนักเล่านิทานผู้มีความสามารถจนเป็นที่รู้จักกันดีในท้องถิ่นนั้น ในที่สุดอีสปก็ถูกปลดปล่อยให้เป็นอิสระจากการเป็นทาส เนื่องจากความเป็นผู้ที่มีไหวพริบและสติปัญญาอันเฉียบแหลมของเขานั่นเอง&nbsp;</p><p><br></p>', 2, 'ssss', 1, 'ทดสอบ2', 'iVBORw0KGgoAAAANSUhEUgAAA4QAAAEsCAYAAACbnn2RAAAAAXNSR0IArs4c6QAAIABJREFUeF7t3QucZFdd4PH//1T1vPMCDEEUCA+XXYRoshAema6eJCSZrp7u6k4mD0QeZl12V5RFRdewkYAkIi7KgiuKayCKIhnSVT3T3TNJIFPVHYhZichD0IVJgiwhL/KcZ3fd819vdc9kMpl63a5bVbfqVx/4TJI6r//33J6qf597z1HhhQACCCCAAAIIIIAAAggg0JcC2pdREzQCCCCAAAIIIIAAAggggICQEHIRIIAAAggggAACCCCAAAJ9KkBC2KcTT9gIIIAAAggggAACCCCAAAkh1wACCCCAAAIIIIAAAggg0KcCJIR9OvGEjQACCCCAAAIIIIAAAgiQEHINIIAAAggggAACCCCAAAJ9KkBC2KcTT9gIIIAAAggggAACCCCAAAkh1wACCCCAAAIIIIAAAggg0KcCJIR9OvGEjQACCCCAAAIIIIAAAgiQEHINIIAAAggggAACCCCAAAJ9KkBC2KcTT9gIIIAAAggggAACCCCAAAkh1wACCCCAAAIIIIAAAggg0KcCJIR9OvGEjQACCCCAAAIIIIAAAgiQEHINIIAAAggggAACCCCAAAJ9KkBC2KcTT9gIIIAAAggggAACCCCAAAkh1wACCCCAAAIIIIAAAggg0KcCJIR9OvGEjQACCCCAAAIIIIAAAgiQEHINIIAAAggggAACCCCAAAJ9KkBC2KcTT9gIIIAAAggggAACCCCAAAkh1wACCCCAAAIIIIAAAggg0KcCJIR9OvGEjQACCCCAAAIIIIAAAgiQEHINIIAAAggggAACCCCAAAJ9KkBC2KcTT9gIIIAAAggggAACCCCAAAkh1wACCCCAAAIIIIAAAggg0KcCJIR9OvGEjQACCCCAAAIIIIAAAgiQEHINIIAAAggggAACCCCAAAJ9KkBC2KcTT9gIIIAAAggggAACCCCAAAkh1wACCCCAAAIIIIAAAggg0KcCJIR9OvGEjQACCCCAAAIIIIAAAgiQEHINIIAAAggggAACCCCAAAJ9KkBC2KcTT9gIIIAAAggggAACCCCAAAkh1wACCCCAAAIIIIAAAggg0KcCJIR9OvGEjQACCCCAAAIIIIAAAgiQEHINIIAAAggggAACCCCAAAJ9KkBC2KcTT9gIIIAAAggggAACCCCAAAkh1wACCCCAAAIIIIAAAggg0KcCJIR9OvGEjQACCCCAAAIIIIAAAgiQEHINIIAAAggggAACCCCAAAJ9KkBC2KcTT9gIIIAAAggggAACCCCAAAkh1wACCCCAAAIIIIAAAggg0KcCJIR9OvGEjQACCCCAAAIIIIAAAgiQEHINIIAAAggggAACCCCAAAJ9KkBC2KcTT9gIIIAAAggggAACCCCAAAkh1wACCCCAAAIIIIAAAggg0KcCJIR9OvGEjQACCCCAAAIIIIAAAgiQEHINIIAAAggggAACCCCAAAJ9KkBC2KcTT9gIIIAAAggggAACCCCAAAkh1wACCCCAAAIIIIAAAggg0KcCJIR9OvGEjQACCCCAAAIIIIAAAgiQEHINIIAAAggggAACCCCAAAJ9KkBC2KcTT9gIIIAAAggggAACCCCAAAkh1wACCCCAAAIIIIAAAggg0KcCJIR9OvGEjQACCCCAAAIIIIAAAgiQEHINIIAAAggggAACCCCAAAJ9KkBC2KcTT9gIIIAAAggggAACCCCAAAkh1wACCCCAAAIIIIAAAggg0KcCJIR9OvGEjQACCCCAAAIIIIAAAgiQEHINIIAAAggggAACCCCAAAJ9KkBC2KcTT9gIIIBAMwKbxnecEYj7sIq8UUSWPzt0wczuV7U557RQdjo3v234oWbapSwCCCCAAAIIdFaAhLCz/vSOAAIIdK1AmAR673aLyimHU8BGB2siXkUeF7Ov6cCqdxe3XfAPjdalHAIIIIAAAgi0T4CEsH3W9IQAAggkRmBobOenzPm3tWzAJmJq5lT2iKWuLuY3/03L2qYhBBBAAAEEEIgsQEIYmY6KCCCAQG8KvH785lMHpPxAe6Kzx0T1k4uW/siX8xc+2J4+6QUBBBBAAAEEDguQEHItIIAAAgg8TWBTbub3vMhvNHubaCsYTWxBVedE3FWlyc1/14o2aQMBBBBAAAEEqguQEHJ1IIAAAgg8TWDj+MyYEyl0B4sFJrprLp8d6Y7xMAoEEEAAAQR6S4CEsLfmk2gQQACBlggMju8IVJxrSWOtaiR8CNHsm7LeXzz311u+06pmaQcBBBBAAIF+FiAh7OfZJ3YEEECgisAbLt7+inTgvinarR8TJt7k4XTg/9PuHaM3MZEIIIAAAgggEE2gWz/po0VDLQQQQACBlglsGtt5oXd+VzMNmuiTavYOE3uNmFyqqs8TNT1ydGEzjTVR1kQW1etn9vrgnXft2LK/iaoURQABBBBAoK8FSAj7evoJHgEEEKgtMDS+4+dM3GeadVKT7/kg2DS3Y/SeszfPnrh6TfDzqu7NKvJqM0k1214z5SsnXIjfnUrLW27btuUHzdSlLAIIIIAAAv0mQELYbzNOvAgggECTAkOjO95pKffxJqstFVfd6wM5e35q+FtH1x+cmBkU0atE/CY1XRWp7QYqWTgEkz1m9pa5qZEvN1CFIggggAACCPSVAAlhX003wSKAAALRBDITO8dN7HNqfiDK7Z8muuACe0Nxe/YrxxvBptz0WYGkfkPVbzGRtXF9OKnTfYGV3zk/OfrpaBLUQgABBBBAoLcE4vrM7S0lokEAAQQQqAgMjk6PSsp9XsUGIpIEC+YvuaOwpeaxFkMX73i5BQOvNvEfVLUXROyrarVw5VDEvmXebT129bLVfdEeAggggAAC3SxAQtjNs8PYEEAAgS4V2Dh6U1ZTayZFZFWzHyTLyZhXSf23Un7z7zcS4tDY9Pnm5PdN9IyW71Cj4lV0Wzo18I4vbHvj442MhzIIIIAAAgj0ikCzn+O9EjdxIIAAAgi0QODcLbPnBmmbFZHV0Zqz8DnDvyxNZt/SaP2NW2d/zC3Kh0Tt50Uk6krlcbszp0+Uy3Lll6eGP9/oeCiHAAIIIIBAkgVICJM8e4wdAQQQ6BKByhEVKdshFvlWUjGR0r6yH27m2IgLLrh5/f515V9PqfyaiJzQUg6T/xM4u+L2yZG7W9oujSGAAAIIINBFAiSEXTQZDAUBBBBIusDgJdOv10B2iWjk5MxMHlrrDp5x8+TFP2zGY2hod1qetf9tXvz71fTHo2x+8/T+KnuUhs8aelX9iycX/S81k6w2M3bKIoAAAggg0CkBEsJOydMvAggg0MMCQ6Mz/97CFUOR06ImZiru4MKB8rlf3rXljihU4Rh8Sv6HiA5qeDRhC14mckBULpqbzM61oDmaQAABBBBAoOMCLfmA7HgUDAABBBBAoCsFzt9660kLC4fmxekr9fCCW5MjNRNTlStL+eynmqx6pPhZW3as25B2/9tELlMxFzVJPdzgUih+PpWWK27btuUHUcdFPQQQQAABBDotQELY6RmgfwQQQKAPBF639ca1A+UNN6nZ5spdmFFeYRbm9JOlyeF3RKl+uE5mbHqjpvTPvcnLog7lqf4r2aq3sr5zfvvwJ1YyLuoigAACCCDQCYGVfxZ2YtT0iQACCCCQWIHM+PRnRfTyyAGYhDeA/t1cPvuayG0sVxy8ZOYdEujvq1jkZx4Pj8HERCX9qVL+ol9Y6biojwACCCCAQLsESAjbJU0/CCCAAAJPExjaMvvrkpYPmVgqKo2K3XtgzROvvfOzb3ogahthvTeMTp2QTq26wSQYU1G3krbCuqb+q6tSazZxruFKJamPAAIIIBC3AAlh3MK0jwACCCBQU2BoYvYSM/srMVslGu1jyUT2pwJ35u7tm/95pdybcjvO8+r+XEReGL2tpacMTewhp+7M4uTw/4veFjURQAABBBCITyDaJ29846FlBBBAAIE+FRjK7jrfDwQ3qsop0Qm0XPby5i9NDX8uehtLNbduvTH1ULDul713H1S19ZHbC3NDkcXAy+jt27O7IrdDRQQQQAABBGIQICGMAZUmEUAAAQSiCwxNzP6Eib9dTFewQicmTn6zdFP296OP5Kmar9u661mrFuyvxAUXVvY8DV9RPkFNzDv73fnJkfe2Yly0gQACCCCAwEoFonycrbRP6iOAAAIIIFBXIDyyYjFY+KKYnFW3cJUCJmpO/KuK+ZFvRm3j2HqbxnZeGLhgm4quaCMaNftCsTDyxlaNi3YQQAABBBCIIkBCGEWNOggggAACbRPYvHl29YG19kfm7T+s4BnDBfHpl85NXfj9Vg383ImZFy6a3OpEXraiNtXuXtiXfvUdN1/0yIraoTICCCCAAAIRBEgII6BRBQEEEECgMwIbx2evdWa/JRrphk1xKv9yMJX62Tu2tS75Onvz7Ilr1sifilj0ozSk8qDhgUDlp2+fHLm7M7r0igACCCDQjwIkhP0468SMAAIIJFxgKLfjXeL0I2Ya6cgKb3pb6rG12WJx08FWUYSb0Dy4sO63xcl7RaKNa3ksj6XS/qdv27blB60aG+0ggAACCCBQTYCEkGsDAQQQQCCxApnxnVtF/A0israyyNbUp5qJBKk/KJ1553vkmmt8KxEGR3f8nDr9U1GNvDupqXzHLfrXF3dsebiVY6MtBBBAAAEEjhZo6qMTOgQQQAABBLpRYHB8+t+auJIT+7HmEkOTcOMZs/Jb5gtjn2l1bEO5nS8K1H/BibxkBW3Pa3rfcHHbpXtX0AZVEUAAAQQQOK4ACSEXBgIIIIBAzwhUjqwwnRLxZzYblHrbV5wa2dBsvUbKh88Zrl0jk17svGgfvOHyp9teyg+PNdIfZRBAAAEEEGhUINrnUqOtUw4BBBBAAIEOCGyc2PW8lATfNpOTGu/exJt7Yr4w3ESdxlsPS4bPGT68uPZ93rmrxCTS849i9sf62Pp3FYubys31TmkEEEAAAQSeKUBCyFWBAAIIINCzApmxHVvMaUFFXaNBqtk/FAsjP9to+ajlhiZuvsRs8S9EdG2ENkxFryvmN18topUtSnkhgAACCCAQRYCEMIoadRBAAAEEEiVwTm7mfSmVaxodtIndOpcfuaDR8isplxnf8XYV/TOTcMWwuY9lU/Hi/FvmPr/lr1YyBuoigAACCPSvQHOfPP3rROQIIIAAAgkXWD7gvmgmr20oFNNPlgrD72iobAsKZUZn3iNp+ZCYNLya+VS3FqyWgQtuyV94WwuGQhMIIIAAAn0kQELYR5NNqAgggAACIkNbdjxHBlL/YGbPr+fhRd83nx/+QL1yrXx/4/jMh1Xk17Xp5UIJN1g94HzqVcXtF323lWOiLQQQQACB3hUgIezduSUyBBBAAIEaAkOjO95lKffRWkjhw3ne2y/dPjXyx+3GHJyY/hM1jbRCqSIfKuazv9XuMdMfAggggEDyBEgIkzdnjBgBBBBAoEUCQxOzk2Y2Xq858/KquansN+qVa/X7r9t649qBxQ2fV/XDzS4YitgP1Rb/XbEw/lirx0V7CCCAAAK9I0BC2DtzSSQIIIAAAhEEBidmb1ezN9SpGpTy2XSE5ltS5fytt560WF7cKWKva7JB8062zt+UvanJehRHAAEEEOgTARLCPplowkQAAQQQqC6QmZj+ppi+opbRoqSf++X8hQ920vH14zefmtZySU1e3sw4TO3mucmRi5qpQ1kEEEAAgf4QICHsj3kmSgQQQACBOgKDE7MPqNmpxy1mIqVCtms+M9+wdfsL0oupu0TlOU1MbNm54Gd23zT6j03UoSgCCCCAQI8LdM2HW487Ex4CCCCAQBcLDG2dOc3K8sNqQzQzP1cYSXVbCOdumT03SFlBVE5oYmx/UMpnf62J8hRFAAEEEOhhARLCHp5cQkMAAQQQaExgcHzHXSruzGqly+ov/9Lkls811lr7S2UmZq8Wsw+E5040cra9qftR2dy/6/QtsO2XokcEEEAAgWMFSAi5JhBAAAEE+lrgdVt3PWvVYvCjaomUidhcPhvhsPj2sp4zMf3itHffMrXVDfVsJqrytmJ+5IaGylMIAQQQQKAnBUgIe3JaCQoBBBBAoBGBzPjMX4vIFbXKukCv3L19+PpG2uuGMoO5nbtU/YUNj8XkLn1s3TnF4qaDDdehIAIIIIBAzwiQEPbMVBIIAggggECjApnxnR8R8b/aSPlSvns2k2lkvGGZwS23XCDp8k4V7xq5h9REFtfsS59yyy0X7mu0D8ohgAACCPSGAAlhb8wjUSCAAAIINCAwODHzDvX6CVFr6PPPzH1wrrD56gaa7roiZ2+ePXHNGvmqib24oWBVv1qaHK76HGXXBciAEEAAAQRaItDQZ0RLeqIRBBBAAAEEOiRwTm76rLTKnSba1E6hSVwdPJZ44/jMu53YH9RdKQw3pHHuNaXJzX/XoWmiWwQQQACBDgiQEHYAnS4RQAABBNojcMEFN68/uK78oKqsa6bHMDcyCXLz+dGpZup1a9nKuYWB+5aYrq85RpPFUiG7qlvjYFwIIIAAAq0XICFsvSktIoAAAgh0UOANF29/RcoGPq8WvLzuqliVcaace9NtN23+bAfDiKXroYnpSTMdr9W4WfDRucLou2MZAI0igAACCHSdAAlh100JA0IAAQQQaFZgaMutr7XUoWlRfXazdQ+XXz7C7w9L+WxDm81E7afT9Tblps8KVL9S9QuAifgBPXV+2/BDnR4r/SOAAAIIxC9AQhi/MT0ggAACCMQgMJib/jVR9z4VO2GlzavIzKp96cv6ZZfNTG7HXaKu1gYy3y/lsy9YqSv1EUAAAQS6X4CEsPvniBEigAACCIjI0NDudPnk/f895dxVYn6gNSj69bQcPPeL+Ykftaa9ZLQytPXGDb684QmV6rutmpQvnsuPTSYjIkaJAAIIIBBVgIQwqhz1EEAAAQRiFzh/7NZXLurih0QtPGi9qR1Caw3OTH8oljp7burC78ceRJd2sHFi+r860z+sOjw1X5ocaZl5lzIwLAQQQKDvBUgI+/4SAAABBBDoHoGNE7vOVPH/S81ebSKpln1ILT8gaKKLIv6MufzIt7sn6s6NJDM+85iInFR9BDZZyo9c3LkR0jMCCCCAQNwCLfusjXugtI8AAggg0HsCmbHpjeL0D8XkTFPR2D6U1L4bBANvvn3qwjt7TzF6RK/N7XzRavX31GpBg3UvK27f9N3ovVATAQQQQKCbBWL77O3moBkbAggggEBnBDaN7bzQu+APxfTlohLbZ9DyguC3zenPzd00/NXORJuMXofGZz9rYpdXG62pPD43mT05GdEwSgQQQACBZgVi+zBudiCU702BodzOF9WLrFjYfG+9MryPAAIJFLjmGjf41bMvEmfhc2ovq7WBScuiM/mW9+6K+e2bv96yNnu8oa1bb0w9sLhuUbXKAq2ZpP2ac7+4/fzdPU5BeAgggEBfCpAQ9uW0xxt0Jjf9y6L62yLynEpP3kTc8qW2/Gv7o0cQ/icR8y5wf1ncPvy2eEdH6wggEIfA4V/+ePEfEpUxNVkT3/rfsRHY7ersF4s3bfmnOGLrhzYzEzvGxVzVHUXV9HPFwnDVVcR+MCJGBBBAoFcFSAh7dWbbHNdyEni1iPzYSro2L6Ji/6iaGmHlcCWS1EUgXoEwAQx8cI46+1UVfaWopuU4v/Bp+ShMDh+UUEqbXnlbYXhPy/vo0wYHc9PfU9Xjnz1oUigVsuN9SkPYCCCAQE8LkBD29PTGF1z4ZdDErha1CRFp/bMllS+WtqCm7ygWsp+OLxJaRgCBRgQqK4DmLze1K031JRr+7ib211MZphfb70w/nRL9A5LAeOAzEzPfE5PjJ4RePlaayr4rnp5pFQEEEECgkwJt+EDvZHj03WqBSiKo8gkxf1E7vg4uj9+r+fOKhS3FVsdDewggcHyB8Gfdi3+Pil0sqs8NS7VjAfBIP2ZPOk39mZMD1/XbofGduiYzEzOPiR3/CAqv9u75yZGPdmps9IsAAgggEJ8ACWF8tj3XciY3++ci9gttTASXDW3pi6i560uF4St7DpaAEOgCgcove7xebangEhU5sd1DMpNHzezjCwvuI3fuHH6i3f3Tn0hmfOaAiKw5noU3d/58YfMXcUIAAQQQ6D0BEsLem9OWR1R5PlD0o6LiWt54Ew1auDeN1xvYeKYJNIoicIzA0uYv5Rd5SY2l1N4UVJ77NY3xBIhnzkH4HKDIw6pynT667hPF4qaDTFTnBQbHZwKV4/897zU4a35y9O87P0pGgAACCCDQagESwlaL9lB7y88JflPU1ndVWF7/ojQ1/NauGhODQaBLBZae/QsuMSdni8lForqhXbd+HrnJdGkjmPvV7LpSYeTjXUrV98PK5Gb8cc+GtPCBUXc6G331/SUCAAII9KgACWGPTuxKwlp+duhGVXn1Stqp1I3rm6eXL5Smsm9c8fhoAIEeE1j6+bV3idnr1clr4vwxPJbu6B93FTlkIrequV8mkUjGRZYZn1k6BegZL5ODB91J3MqbjHlklAgggECzAiSEzYr1ePlMbtefiwa/0HyY4XN+S5eT+soDf4FI+oZS4aKaz/xVVi9U/siWNqlJNZNBmrcvzk2NnN/8WKmBQO8IHEkAVS4VsR/vzF/qlZ//g6qyS73/n2wAlcTryzQzPhv+7X3cVymf7cyllURKxowAAggkTIC/4BM2YXENd/n20G+J2trIfViYBLobom78UnlW0fT94uSURsegJnuKhexLGy1POQSSLFD5BYoPXmtOLhTVzSJS2f2z/S81FXnQzHaq+BtIANs/A63u8bzRqeeWU+n7SQhbLUt7CCCAQPcLkBB2/xzFPsLlQ+U/1nRHlfvDNFwa+FTUJPB4fVYOvBa/xzW6iY2XXaWpbPjlmBcCPSVw5Pk/1TeK2OtE9YSnBRjXLdmVTpYaX76H0FRtj3mZmiuM/HpPIRNMRWBwfPrfqui3qnBYKZ/t6KZiTBMCCCCAQHwCJITx2Sai5cHc7F2qdmakwcaYiC3dBhfsUdWGvoSo+U2sUkSaRSp1kcDySv3VJnKRqv34U2lZmwdpYib6t06CDxcLWwpt7p3uOiCQmdgxLuYmj9+1lUv5kYEODIsuEUAAAQTaIEBC2Abkbuyi8sXT7NvmbE1TF8HScsGDKu7suDeKWH426p9VbVU9QzULioWRdL1yvI9AtwgsJX/BFhH3MyJy2eHdfGNd9KsWvFXO+vyXlJf3794+cn23GDGO9gick50+JbXK/aiyF+xxXia2dy4/8vTV6fYMjV4QQAABBNog0FQu0Ibx0EUbBDJjs9eKs6ua3gHULFCx89u5Enc4cRVnxz0s+QhXeEihKbeOtuH6oYtoAsvX8i+KWM5UXqIqqw+31L4kcOn8h6X/yaPi/YyqXN/On+loetSKUyAzPv1tEX15tT5U7DPF/MjPxzkG2kYAAQQQ6JwACWHn7DvSc2Zi5odiclrDnVe+P5p3plcWC9lPN1yvhQXDL9Kq/mte5MSazVbOyuLW0RbS09QKBA7f/ilim0Xlec9oqn1ZYPg8YCCm3zXRnU6CKRLAFUxsj1Udyu0Y8up2V/8yYLIoA8/9cv7CB3ssdMJBAAEEEFgWICHsk0uhcvul+j0q0tAzeRWW8Aur6S2lqeELO81U+XKt9n9NbKDORXuolM/WXk3sdDD033MCh2//dOZ+1lQuNbX1nQjyyCFypodUfd5M/2mukH1/J8ZCn90vsHnz7Or9a22fWHjkz/FfFqQ+Orf9ond3fzSMEAEEEEAgqgAJYVS5BNWLsouoiZqz4NxuWkkYmrj5ErPytlr0lUWXGDe7SdC0M9QYBQ7f/qlq44HYS5zqUc+5tnXpbzlKOyDePs/tnzFOeg82nZmYnhTT8arJoMjBuXw2+lFEPWhGSAgggEAvCpAQ9uKsHhXTkecFm4jTvOyfm8p2ZIWj3jCHcrO7TK3uiqWaOz3uTW/qjZX3e0fgyO2fasMiTdxy3RKC5QTzqT+8ijwiZtMqxhmALTHuv0Y2je78Nz7l/6lW5N65M+Zv2vz1/tMhYgQQQKC/BEgIe3i+B3Mzt6jKGxsPMXxg0F3fyjMFG++7sZJLO4/676hK7R1Fvdxfmso+87mtxrqhVJ8LPHX8g12hImtFl0/la+vi35ETAAMTu1NEb3HibuAXHX1+cbYo/Mz49JMiuqFac6p6e3FyeGOLuqMZBBBAAIEuFiAh7OLJWcnQMuOz94lY4wmRSaDi27qDaNT4Grl1NGybswmjCvdXvSPHP5i8xZy8SuXo2z/jt3hGjmlWNpHdTuy6brplO34JemiXwOD49HtV9IPV+1NbSO9df8e2Sw+0a0z0gwACCCDQOQESws7Zx9Lz0pdb+UdRv67hDky+Wipkox1O33AnrS1Y79bR5bUVP5fPVt0sobUjorWkCBz1/N9lpu4FIsFAuD9tO1+VJLCyg6+GR8AfUJM5Vf97JIDtnIX+7Ou88clnl2X1w7WiN7Er5/KcR9mfVwhRI4BAPwq091tQPwq3Mebl2yn3qDa+k2hSV9GWEl//Hal766heV5oafm8bp4GuukzgqOMfRkXlOU8/f7Ot94CGMoGY/cBEr+f2zy67UPpkOIMT03er6enVwjWRB+fy2ef2CQdhIoAAAgiEv6RGoTcE6p8l9fQ4zcSc+K7aRbTZmWhk91QztbnCcONHbTQ7CMp3nUDl3Eqz3/Zql4lK4yvlLY3kSKK5aBbe/ul/l9W/lgLTWASBwbHZO9TZa2tV1bQ8r7gte3+E5qmCAAIIIJBQARLChE7c0cOuJEYiHxNtZDrD+9QkKBVGam/KkhCXobGde8352juicgxFQmaz+WGGyV+llrdrvLNLVWXt01cAm2+z+RpLyV/lJ0vsgHrl9s/mEakRs8BgbvrTqvrWmt2o+2RpcvM7Yh4KzSOAAAIIdJlAIxlElw2Z4RybDJrqxxqaSDMR1cdK+ewpvaKciA2XAAAgAElEQVRY2WDGl7fVXutWU9MXsztj8mf9qQ1g9K2i9koTXfW034PEegfosY1bYF5+IBre/ulLrAAm//rq1Qg2jU1fFTi9tvbnhC6W8sNHnafZqxrEhQACCCBwrEBDeQRs3SkQ3iZq6nY3Pjr7+1J+5KzGyyejZCY388+i8lM1R+vlK6Wp7KuTERGjPCxweAMYEX+FaeonVX061pzvaPojHR35h7J4+QKbv3B9JklgaHTn5Zbyn607Zr84WJrKzdctRwEEEEAAgZ4TICFM6JRWviirv6fh4Xu9pTQ1XPdA94bb66KCyxvMLFlUu6LDxVHhsPoumrbjDuWoA+BHReQ57RvvsWmmmoodMi9FEsD2zQI9tVZgU276LK/6lbqtuuBNpZtG6yeNdRuiAAIIIIBAEgVICJM4ayKSGZ9dNPFprbcvUPg919m5pcmRJlYSk4eSGb/5L0XKb641cvXyz8Wp7MuTF13vjngpAdSrRcpjovrsdkd6+Om/cPMhNd0vYvMkgO2eBfqLQ+ANW7e/IF1O3xseblKrfeftfbunRj4QxxhoEwEEEEAgGQIkhMmYp6eNMpOb3SdqdXZPXMoE1YJE7yTa6PQsrxLeLbUy5Moqod/Es16Nqra+3FMrgH5MpP0J4OGIzJuJyveF4x9aP8m02HGBylmDuupBMa25w3IgduPt+ZHLOj5gBoAAAggg0FEBEsKO8jff+dD4zH0m8rxaNZcPZTdnyT5WolmdzNjsteLsqur1KvtA3lcqjDy/2bYpH03gqDMAr5Bn7ADatqcBRcwCMb3VVP52rpB9f7RoqIVA9wtccMHN6w+uLz+sImtqjlbtK6XJEZ6r7v4pZYQIIIBA7AIkhLETt66DTG7mFlF5Y80Wl79jJ/XA+ZVohcmHV79HRWr+VrwfbVbi2kzdyhyYvV+cbVWRtc3UbWnZ5QSQ2z9bqkpjXS6wdeuNqQfL6x/812OInlXrF2Ne5L75M77yk3LNNb7LQ2J4CCCAAAJtECAhbANyK7qov/q13Euf3xbZyGH1arq3WBg+oRXz0u9tLJ0D6H/HTC8xtTUNHYXZErSjVxc1XPo9JGwA0xJZGkmuQGZ85l4ReWHtXxra3oWB/afese3SA8mNlJEjgAACCLRSgISwlZoxtdVIknOka7NfKRVGPh7TUBLR7GBuZlFV0rUGyyphtKlcvgX0WjO7WJ2sbuNNn0dd4mJqsl9E2AAm2jRSqwcFBsdnvqEiP107NC0vpN1z79h20SM9SEBICCCAAAIRBUgII8K1q9rS8RLBPdXPUzhqJF52laaym9s1tm7tp6EE2ouVprI1by3t1vjaOa4jK4DOXSLmaz+T1OKBLT8LGz73Ga4AsgFMi31prncEMmMzXxInr68VkZlY2snpt01mv9c7kRMJAggggEArBEgIW6EYYxuZ8dmDIra6bhdmd5cKIy+pW65PCmTGZ/eJ1NmJNbDPlraPvKlPSBoK8xmbwDRUq1WFlg+BsPCrq3xfVK9nA5hW2dJOrwpszO2cceqH68XnnTtj/qbNX69XjvcRQAABBPpPgISwi+c8MzrzYUnJe+oP0R4p5UfafoZb/XF1rsTQxM2XmC9vq3VQvahaKT/c16uERyWAo6LHHAQf8/2gR5o3CUTkByZCAti5Hxl6TqDAprHZz3hnP1dv6AveTdwxtTlfrxzvI4AAAgj0pwAJYZfO+9Ktov6e+sOzQ6X8SFtv5as/pu4okcnN3Cda+4gOEfv7Un7krO4YcfyjWEoAgy1i+hZTOVO19o6srRvRkSPgwxw9MC9FUZ1nBbB1wrTUXwIbx2c+4kR+tV7UttpfPvc3Wz5XrxzvI4AAAgj0rwAJYZfO/dD4zEGr3Cpaa4pY4ao1fUeS6lorXX2wK+tTh8HbFSKy9imOmJcAK5NT6SMw06KT4IPFwpZil/7IMSwEEiOwMTf9Aad6db0B+8D+y/z2kU/UK8f7CCCAAAL9LUBC2IXznxmd/T1J2W/UHFofJDKtmJrM+K4bRIK3VG/LxExtrtA7G8w8dRuoXC66/BxlW3K/8KIM/0qxQE2KIkYC2IqLmDYQOEpgKDfzLlP5aD0Ub3LVfCH7u/XK8T4CCCCAAAIkhF12DVS+zFtwj7haUxNuuqi3lgrZC7ps+F03nOVVwrvDZapag1Ozu4qFkX/fdQE0MKCjEsDLRG19WKUd+d9RQwvMpOTE/w4rgA1MGEUQiCiQGdv1dnHB9fWqW2Afnds+8u565XgfAQQQQACBUICEsMuug6Hx2cdM7KSayYvIoWI+y3ODDc5dZmz2WnF2VfXiS+lTUs4mPJIAml0mTtqfAJoFJq7kJCABbPAapBgCKxXYNDGV9ZaerteOiv1VMT/y5nrleB8BBBBAAIHDAiSEXXQtVBIXtatqpuncKhppxjK52b2HV8+O10B4zoGamop7cbGw+d5IncRU6XACaCaXq6tzlEbLxnD0GqN5NZ0X8dewAtgyYBpCoGGBjbkdr3Gqd9b7Ha4XmZnPZ0cabpiCCCCAAAIIsELYPdfA0q2i/p66ez6afKFUyL6xe0aejJE0sWuriLnrS4XhKzsV2VFHQVwuKuvaO47wdmQXZsf3mcmfsQtoe/XpDYFjBYZGd7/UUgf+b/icQE0d1dtLk8MbEUQAAQQQQKBZAVYImxWLqfzQ+MyjJnJyzea9WGmqdzY/iYmyarP1N5g5qqppW5LCMPkLezWxcMfAy0VsXdtv5DYNlwMfMbGPkwC2+6qkPwSqC7x+/OZT01a+X7X23wpO5eu7J7NnYIkAAggggEAUARLCKGotrjOU2zFk4nbX+sgPv7E785u4ZW9l+PVuHX1a6yaPq/hcq8yPnAEo7mfMbPn2T233BjBLIZodEtPdqu4/d9stsiubYWoj0BsC52SnT0mtkodENFUrIlO5e24y+5LeiJooEEAAAQQ6IUBC2An1Y/ocGp99xMSfUuv5EBP7+7k+OkA9rmlp/NbRo0YQrqCZ3avqf6HR5HDpFmD7RRM7T1VeFZ7/1/aVv6XML3w6UlQsPAvwNif+ukZjiGsOaBcBBGoLDG29cYOVNzwslbNoa74eKOWzp+GJAAIIIIDASgRICFei14K6ldVBdbtrLhOZWKmHzslrAduKmqi/62iN5sP8qt4r3LB0eU+W9v6Ahc//hU8Ga/hnYGZFp5wFWG+6eB+BbhIYGtq9xk7Z/6CInFBrXCryuDy67rRicdPBbho/Y0EAAQQQSJ5Ae7+vJs8n9hFncjN3i8rpNT/4uVW05fMwNHHzJWblbS1vuO0NhouXlQeMAhHZreKvZQWw7ZNAhwi0TGDj+MwDTuTUOg0e0PS+U4vbLt3bso5pCAEEEECgbwVICDs49Uu3Lwb31N5K3A6V8iOcORjDPIVJofflz6nW3ds1ht6jN1lZBDQLRPQ25RbQ6JDURKDLBAYnZu5Rk8pGU1VfKosLqdRpd2y76JEuGz7DQQABBBBIqAAJYQcnLpOb2SMqL6752c/qYKwzFCblXoI9qupi7WjljQfi5Yuq/ndZAVw5Ji0g0F0CppmxmW+Ik1fUfJZczQfl4Ce/tH3svu4aP6NBAAEEEEiyAAlhh2ZvORG5J3zcq9oXADU5VCxkWR2MeY7CuVBn/+DNToq5q8abD1cATW9V9b9HAtg4GyURSKLAYG7mTlV5TZ2xm5WDl8ztGL0niTEyZgQQQACB7hUgIezQ3GRy03tEldXBDvkfr9vlzWZ+U0RqbvPeyiGHm89UtoBROSReiiSArdSlLQS6X2AwN/0FVT2vXjK4kF48445tuW90f0SMEAEEEEAgaQIkhB2ascHcjC2tDlZ5mZRLhexAh4bX190uPdtpnxS188Ra93xhZXtSM6+iD4nJV0n++voyI3gEJJOb3S5qW+pROPE/szu/5Wv1yvE+AggggAACUQRICKOorbBOJjfzXVGpfZCw2a+UCiMfX2FXVF+hQGU30mDxw6J6epPnCIanF3oT+5qJbnfiS9z6ucLJoDoCPSQwmJv+tKq+tV5IPiiPzG8fm6lXjvcRQAABBBCIKkBCGFVuBfUyuZnwFsEaLy2X8sOsDq7AOI6q4cpho+0WC5vvbbQs5RBAoL8EBidmP65m76wXtTf38/OFzZ+pV473EUAAAQQQWIkACeFK9CLUHcrNvM2rfKoqfHhfoel1panh90ZonioIIIAAAl0skJmY/oCYXl1viKr27uLkyEfrleN9BBBAAAEEVipAQrhSwSbrZ3Iz4crRC6utEJqZzRVGuv0IhCajpjgCCCCAQOaS2aslsA/UkzCxa+fyI/+9XjneRwABBBBAoBUCJIStUGyijXq3i5p3H5qb2vxbTTRJUQQQQACBLhfYePHO9zjvP1xvmGZ6/Vxh+Mp65XgfAQQQQACBVgmQELZKsoF2wttFTeVT1YqGd4s6c6fz/FkDmBRBAAEEEiIwePGuX1If/FHd4TrZWbopO1y3HAUQQAABBBBooQAJYQsx6zU1NLFzr5lfX62cmjxWLGRPqdcO7yOAAAIIJEPgnInp/5gy/dMGRvu3pXz2dQ2UowgCCCCAAAItFSAhbCln7cYy49NLx5BXe3k2k2njdNAVAgggEKvAuWO73h644Pp6nZi3b8xNjbyqXjneRwABBBBAIA4BEsI4VI/TZmZ0+q8lpVdU7c5ESoUs89Gm+aAbBBBAIE6BzMU7toh32+v1YSLfmstnX1GvHO8jgAACCCAQlwAJSFyyx7SbGZ8pi0jqeN2Fzw6qyP2lfPZ5bRoO3SCAAAIIxCZgmhmfPSQitc+TVfvuqan9L9+27dIgtqHQMAIIIIAAAnUESAjbdIlkxmfCvO+4r0pCyO2ibZoJukEAAQTiFdg0Pv1pL/rWWr2Y2XfnCiMvi3cktI4AAggggEB9ARLC+kYrLlFvd9Gwg1Ke20VXDE0DCCCAQIcFhiZmf8LMvl99GJX9pO8u5Ydf0uGh0j0CCCCAAAIVARLCNlwI/5oQ3vuvx028sFpXZnrfXGH4+W0YCl0ggAACCMQokMnNPiBqp1brQkW+V8xnXxTjEGgaAQQQQACBpgRICJviilY4Mz7jqyffJuLddaWp4fdGa51aCCCAAALdIDA0uuM/Wcp9oupY1ILS5Ei6G8bKGHpLYGho95ry+n1rLRWsHZDV67wGa039WnVujZTtZHX+JFM9MaXuxMD8iWK6wVTXO7OTRHSDOdugpuvVZI2prBGR1So2YKYDppVnYVMqljJRVREnIoGoLYjok1J5IMaciNPwT1V1Zt7Z4X8XqdQJt1k3VVWz8Ltn+P+n9lVQOWhmj4joPSIS7rnQ9EtVHhWTuYX0vj+5Y9ulB5pugAoI9LEACWHMkz+U2zFk6nZX68bMxEmKw+hjngeaRwABBOIVMB2cmD2kVn0jGW/y9vlC9tPxjoPWu13gggtuXh+sObjB3MAG02CDSfqEQMunqbrny0JwmqZTzxGxZ5m4k53aKWZ6ooitM5E1qrJKTMJfKqQsTL6Wkq7w/9z0tTzxZvK5uUL28m6/DhgfAt0kQEIY82w0cNxEUCpk+Y1xzPNA8wgggECcAueNTj23nErfX68PE5uay4/k6pXj/e4ROG988tmL5fSJLpU6ycxOWDR5vhtY9ePqF09LmZ1qzp1iIieJ989SkQ2qus7EVnuTVaKSdqLhSpguLZRVVscqL1K4+OaYfRnis6Xl3hQgIYx5XjO56UdF9eSq3XjZU5rKvjTmYdA8AggggECMAuGqz6H15b0Nd2ES3j23z8TfY6JfEtFtQbD4T1/aPnZfw21QsKbAOdnpU1at1hPLgZzonDtpIQh+YnXaXhCYe76anGaaOkUtCI97OtmcrlOzNSaSVtHl1Tf2WUjqJebTeur8tuGHkjp+xo1AuwVICGMWr3XcRNi1mry9yC1EMc8CzSOAAALxC2TGd94p4l+zsp40fLB8UUQeFNP/E3idcSl/x1x+5Nsrazc5tc/ePHvi6lWpk1JpO9H7xRO9pdeZyhkpk+eL2Gkq/tkmcpqJnuJU15vIalFbZSYptfBZNRXV5ZU4luGSM/EtG6ndV8qPsFFfyzxpqB8ESAhjnOXKcRMin6r6O0YzKRVGmIMY54CmEUAAgXYKDI3v/EsT/+aW9+klfOA8POy+2suLWWDOLar3i+b0kHg5KGL7Vdxj4vx+87JPUuknJQieNGdPmKUeE+8fdao/MNHANHiWeN2QSukGL7ohJX6dmaw30bUqtk5M1ojTNer9ahO32lTWq/g1ZrpapfJs24A4SUu4CYlZSsSlljYbqWxC8tRraVOR43w0anhDZbiBieN+ypZfQf3S4MP/upPv24v57HS/BEycCLRCgGSkFYpV2qj3/KCJLM7ls6tiHAJNI4AAAgi0WWBTbvqswOkdtTaYafOQntldwytnDRfseEgMID6Bp66C5X8yOWQqT6rZY6JSVpHAiwZiEoT/LCJenJTDfw//e8p8IOLKor7sK+9rWcUqf4pZuBnTA+bkLjWLfJtnuMvo7vyWr8WnQMsI9K4ACWGMc5vJTd8vqs+t1oV62VPk+cEYZ4CmEUAAgc4JDOZmi6qW6dwI6DnxArXy8WPes8pzqUsJmWklGSub6oJaeAuyOygiB8VkvznbJ972idPHXPjvYk+KuCfV+ydN5Qmv8kRK5WEVd6As5QNq7oCz1IGUXzhwUGT/l7aPPZl4VwJAAIGnCZAQxnhBZMZn/dE7ih3bFc8PxohP0wgggEAXCAyOTb9encyL6NNvm+yCsTGEjgqE+Vu4sVC4mlYWL2VVO2SmB9XZXjV7wnv3iDp7TJz+yLw9mArcD33a3yPi9qq6J9WCvWqH9n4xP/GjjkZC5wggkHgBEsIYp7D+hjKO8wdj9KdpBBBAoBsEwkPD7dn7PyleLhOpPCPHZ283TEw4hmorcEf9d7Nwh5rwWHUJf8kbmElZnTtgEq60yV5RfVzVP2pmj4q5h83ZgxboD1Mpu9eHK3GW2quSetKXF/fePjPyaLeEzjgQQACBwwJ8KMV0LVQ2lFH5VNXmTaRUyOIfkz/NIoAAAt0qMLRlx3O8W/VTLlU+16udI4G8Up0+W0xXifjwvLpuHXqXj8uWbso5whfu2BruOSrewufWTBbDjXnMZF9K5FFv8qBTeciL3K9i9wWLdq+m9D7n5AnvBx5ftco98YVt5z9R2Q+cFwIIINDDAnzqxDS5mdz0XaJ65nGbr3y02AOlwshpMXVPswgggAACCRR4w+jUCen0qpcHmtrogoVBcfqzzvRUr36VeqfLuUmVz+6jl7u6dTOYo5fejl4rPZxzHQ6tksx5EQ1X5RZFbEG87jOVx9XZA2LyI3X6QGB2X0rlX6ws33POngjK9sTimlWP37HtokcSOP0MGQEEEOiIAAlhTOyZ3MwjJnKKVhP2el1pavi9MXVPswgggAACfSLwuq27njWwoOtT5teV04vrUzawLnDBelmUF7uU/JiYe444O1m9nOadnKxmJ4jJOhNZ61RXmdiASPhpVdn10ZuGO0D6wLxbVGeLKrborbIpyYIs7Sy5oJVdJu2gqB4Q04NmleMt9qvz+wOxvQNlt++g+CcHUvojJ7oQeL/oTBc05RcD0QUXpBcXVy8sDEhqIVU+tHgwSC0MPHHiYrG4KeyHFwIIIIBAGwVICGPCrmwoE561VEWYDWVigqdZBBBAAAEEEEAAAQQQaFiAhLBhquYKsqFMc16URgABBBBAAAEEEEAAgfYLkBDGYD6U2zFk6nbXarqUZ0OZGOhpEgEEEEAAAQQQQAABBJoQICFsAqvRovV3GGVDmUYtKYcAAggggAACCCCAAALxCZAQxmCbGZv+jjh9adWmvX23NDXyshi6pkkEEEAAAQQQQAABBBBAoGEBEsKGqRovmBmfXhTRdPWEkB1GG9ekJAIIIIAAAggggAACCMQlQEIYg2wmN1M5Cfe4LwvPzHWnFwub742ha5pEAAEEEEAAAQQQQAABBBoWICFsmKqxgpUNZcTtrpoQiggbyjRmSSkEEEAAAQQQQAABBBCIV4CEsMW+mbHZa83ZVVUXCE33zxWG17e4W5pDAAEEEEAAAQQQQAABBJoWICFsmqx2hczYzE5xclG1UuplT3EqW33DmRaPh+YQQAABBBBAAAEEEEAAgar5CTStFcjkpn9ZVD9WtVXPhjKtFac1BBBAAAEEEEAAAQQQiCrACmFUuSr1hnI7X+TV71ER94wiJlYqZJ/531s8BppDAAEEEEAAAQQQQAABBBoRICFsRKnJMkMX73yzD/xfqD5taxkTC7KlwujOJpujOAIIIIAAAggggAACCCAQiwAJYSysIuFKoZn9opg/XZ19sljYUoypK5pFAAEEEEAAAQQQQAABBCIJkBBGYqMSAggggAACCCCAAAIIIJB8ARLC5M8hESCAAAIIIIAAAggggAACkQRICCOxUQkBBBBAAAEEEEAAAQQQSL4ACWHy55AIEEAAAQQQQAABBBBAAIFIAiSEkdiohAACCCCAAAIIIIAAAggkX4CEMPlzSAQIIIAAAggggAACCCCAQCQBEsJIbFRCAAEEEEAAAQQQQAABBJIvQEKY/DkkAgQQQAABBBBAAAEEEEAgkgAJYSQ2KiGAAAIIIIAAAggggAACyRcgIUz+HBIBAggggAACCCCAAAIIIBBJgIQwEhuVEEAAAQQQQAABBBBAAIHkC5AQJn8OiQABBBBAAAEEEEAAAQQQiCRAQhiJjUoIIIAAAggggAACCCCAQPIFSAiTP4dEgAACCCCAAAIIIIAAAghEEiAhjMRGJQQQQAABBBBAAAEEEEAg+QIkhMmfQyJAAAEEEEAAAQQQQAABBCIJkBBGYqMSAggggAACCCCAAAIIIJB8ARLC5M8hESCAAAIIIIAAAggggAACkQRICCOxUQkBBBBAAAEEEEAAAQQQSL4ACWHy55AIEEAAAQQQQAABBBBAAIFIAiSEkdiohAACCCCAAAIIIIAAAggkX4CEMPlzSAQIIIAAAggggAACCCCAQCQBEsJIbFRCAAEEEEAAAQQQQAABBJIvQEKY/DkkAgQQQAABBBBAAAEEEEAgkgAJYSQ2KiGAAAIIIIAAAggggAACyRcgIUz+HBIBAggggAACCCCAAAIIIBBJgIQwEhuVEEAAAQQQQAABBBBAAIHkC5AQJn8OiQABBBBAAAEEEEAAAQQQiCRAQhiJjUoIIIAAAggggAACCCCAQPIFSAiTP4dEgAACCCCAAAIIIIAAAghEEiAhjMRGJQQQQAABBBBAAAEEEEAg+QIkhMmfQyJAAAEEEEAAAQQQQAABBCIJkBBGYqMSAggggAACCCCAAAIIIJB8ARLC5M8hESCAAAIIIIAAAggggAACkQRICCOxUQkBBBBAAAEEEEAAAQQQSL4ACWHy55AIEEAAAQQQQAABBBBAAIFIAiSEkdiohAACCCCAAAIIIIAAAggkX4CEMPlzSAQIIIAAAggggAACCCCAQCQBEsJIbFRCAAEEEEAAAQQQQAABBJIvQEKY/DkkAgQQQAABBBBAAAEEEEAgkgAJYSQ2KiGAAAIIIIAAAggggAACyRcgIUz+HBIBAggggAACCCCAAAIIIBBJgIQwEhuVEEAAAQQQQAABBBBAAIHkC5AQJn8OiQABBBBAAAEEEEAAAQQQiCRAQhiJjUoIIIAAAggggAACCCCAQPIFSAiTP4dEgAACCCCAAAIIIIAAAghEEiAhjMRGJQQQQAABBBBAAAEEEEAg+QIkhMmfQyJAAAEEEEAAAQQQQAABBCIJkBBGYqMSAggggAACCCCAAAIIIJB8ARLC5M8hESCAAAIIIIAAAggggAACkQRICCOxUQkBBBBAAAEEEEAAAQQQSL4ACWHy55AIEEAAAQQQQAABBBBAAIFIAiSEkdiohAACCCCAAAIIIIAAAggkX4CEMPlzSAQIIIAAAggggAACCCCAQCQBEsJIbFRCAAEEEEAAAQQQQAABBJIvQEKY/DkkAgQQQAABBBBAAAEEEEAgkgAJYSQ2KiGAAAIIIIAAAggggAACyRcgIUz+HBIBAggggAACCCCAAAIIIBBJgIQwEhuVEEAAAQQQQAABBBBAAIHkC5AQJn8OiQABBBBAAAEEEEAAAQQQiCRAQhiJjUoIIIAAAggggAACCCCAQPIFSAiTP4dEgAACCCCAAAIIIIAAAghEEiAhjMRGJQQQQAABBBBAAAEEEEAg+QIkhMmfQyJAAAEEEEAAAQQQQAABBCIJkBBGYqMSAggggAACCCCAAAIIIJB8ARLC5M8hESCAAAIIIIAAAggggAACkQRICCOxUQkBBBBAAAEEEEAAAQQQSL4ACWHy55AIEEAAAQQQQAABBBBAAIFIAiSEkdiohAACCCCAAAIIIIAAAggkX4CEMPlzSAQIIIAAAggggAACCCCAQCQBEsJIbFRCAAEEEEAAAQQQQAABBJIvQEKY/DkkAgQQQAABBBBAAAEEEEAgkgAJYSQ2KiGAAAIIIIAAAggggAACyRcgIUz+HBIBAggggAACCCCAAAIIIBBJgIQwEhuVEEAAAQQQQAABBBBAAIHkC5AQJn8OiQABBBBAAAEEEEAAAQQQiCRAQhiJjUoIIIAAAggggAACCCCAQPIFSAiTP4dEgAACCCCAAAIIIIAAAghEEiAhjMRGJQQQQAABBBBAAAEEEEAg+QIkhMmfQyJAAAEEEEAAAQQQQAABBCIJkBBGYqMSAggggAACCCCAAAIIIJB8ARLC5M8hESCAAAIIIIAAAggggAACkQRICCOxUQkBBBBAAAEEEEAAAQQQSL4ACWHy55AIEEAAAQQQQAABBBBAAIFIAiSEkdiohAACCCCAAAIIIIAAAggkX4CEMPlzSAQIIIAAAggggAACCCCAQCQBEsJIbFRCAAEEEEAAAQQQQAABBJIvQEKY/DkkAgQQQAABBBBAAAEEEEAgkgAJYSQ2KsMy+1sAAAAWSURBVCGAAAIIIIAAAggggAACyRf4/5Yrdx0nBdkCAAAAAElFTkSuQmCC', 'iVBORw0KGgoAAAANSUhEUgAAA4QAAAEsCAYAAACbnn2RAAAAAXNSR0IArs4c6QAAIABJREFUeF7s3Ql8XFd96PH//9yRvGZfCSFJ2QIJECBAcBJLMoEklizbspGhj1K2QvsePKALbaAFQtlCKRT6oI9SSh9dgEaxZVuLk0BsSXaSBjCQQBIICZCEJGSPk3jTzD3/1zujZUaa5Y40I81ofvP5lMbSuWf5nqu593/Pueeo8EEAAQQQQAABBBBAAAEEEGhIAW3IVtNoBBBAAAEEEEAAAQQQQAABISDkJEAAAQQQQAABBBBAAAEEGlSAgLBBO55mI4AAAggggAACCCCAAAIEhJwDCCCAAAIIIIAAAggggECDChAQNmjH02wEEEAAAQQQQAABBBBAgICQcwABBBBAAAEEEEAAAQQQaFABAsIG7XiajQACCCCAAAIIIIAAAggQEHIOIIAAAggggAACCCCAAAINKkBA2KAdT7MRQAABBBBAAAEEEEAAAQJCzgEEEEAAAQQQQAABBBBAoEEFCAgbtONpNgIIIIAAAggggAACCCBAQMg5gAACCCCAAAIIIIAAAgg0qAABYYN2PM1GAAEEEEAAAQQQQAABBAgIOQcQQAABBBBAAAEEEEAAgQYVICBs0I6n2QgggAACCCCAAAIIIIAAASHnAAIIIIAAAggggAACCCDQoAIEhA3a8TQbAQQQQAABBBBAAAEEECAg5BxAAAEEEEAAAQQQQAABBBpUgICwQTueZiOAAAIIIIAAAggggAACBIScAwgggAACCCCAAAIIIIBAgwoQEDZox9NsBBBAAAEEEEAAAQQQQICAkHMAAQQQQAABBBBAAAEEEGhQAQLCBu14mo0AAggggAACCCCAAAIIEBByDiCAAAIIIIAAAggggAACDSpAQNigHU+zEUAAAQQQQAABBBBAAAECQs4BBBBAAAEEEEAAAQQQQKBBBQgIG7TjaTYCCCCAAAIIIIAAAgggQEDIOYAAAggggAACCCCAAAIINKgAAWGDdjzNRgABBBBAAAEEEEAAAQQICDkHEEAAAQQQQAABBBBAAIEGFSAgbNCOp9kIIIAAAggggAACCCCAAAEh5wACCCCAAAIIIIAAAggg0KACBIQN2vE0GwEEEEAAAQQQQAABBBAgIOQcQAABBBBAAAEEEEAAAQQaVICAsEE7nmYjgAACCCCAAAIIIIAAAgSEnAMIIIAAAggggAACCCCAQIMKEBA2aMfTbAQQQAABBBBAAAEEEECAgJBzAAEEEEAAAQQQQAABBBBoUAECwgbteJqNAAIIIIAAAggggAACCBAQcg4ggAACCCCAAAIIIIAAAg0qQEDYoB1PsxFAAAEEEEAAAQQQQAABAkLOAQQQQAABBBBAAAEEEECgQQUICBu042k2AggggAACCCCAAAIIIEBAyDmAAAIIIIAAAggggAACCDSoAAFhg3Y8zUYAAQQQQAABBBBAAAEECAg5BxBAAAEEEEAAAQQQQACBBhUgIGzQjqfZCCCAAAIIIIAAAggggAABIecAAggggAACCCCAAAIIINCgAgSEDdrxNBsBBBBAAAEEEEAAAQQQICDkHEAAAQQQQAABBBBAAAEEGlSAgLBBO55mI4AAAggggAACCCCAAAIEhJwDCCCAAAIIIIAAAggggECDChAQNmjH02wEEEAAAQQQQAABBBBAgICQcwABBBBAAAEEEEAAAQQQaFABAsIG7XiajQACCCCAAAIIIIAAAggQEHIOIIAAAggggAACCCCAAAINKkBA2KAdT7MRQAABBBBAAAEEEEAAAQJCzgEEEEAAAQQQQAABBBBAoEEFCAgbtONpNgIIIIAAAggggAACCCBAQMg5gAACCCCAAAIIIIAAAgg0qAABYYN2PM1GAAEEEEAAAQQQQAABBAgIOQcQQAABBBBAAAEEEEAAgQYVICBs0I6n2QgggAACCCCAAAIIIIAAASHnAAIIIIAAAggggAACCCDQoAIEhA3a8TQbAQQQQAABBBBAAAEEECAg5BxAAAEEEEAAAQQQQAABBBpUgICwQTueZiOAAAIIIIAAAggggAACBIScAwgggAACCCCAAAIIIIBAgwoQEDZox9NsBBBAAAEEEEAAAQQQQICAkHMAAQQQQAABBBBAAAEEEGhQAQLCBu14mo0AAggggAACCCCAAAIIEBByDiCAAAIIIIAAAggggAACDSpAQNigHU+zEUAAAQQQQAABBBBAAAECQs4BBBBAAAEEEEAAAQQQQKBBBQgIG7TjaTYCCCCAAAIIIIAAAgggQEDIOYAAAggggAACCCCAAAIINKgAAWGDdjzNRgABBBBAAAEEEEAAAQQICDkHEEAAgQUi0LJu4MWm+s5A/PO9c4udD5ebarOZLtJAmiSUJnGSEJOEmQSqEoiYMxGn4sTEng5EfutF7hRzPxf1u8zpI2Ey+eD129fdv0CYaAYCCCCAAAIIZAkQEHI6IIAAAgtAoK2rv99MOkQzX+smIjr2vwWbl0lUxkdNxLyIHjSRJ9X7Xzund/tAbw8kvCmVdA+kXOLBG3oveaiMTEmKAAIIIIAAAvMoUNatwDzWk6IRQAABBAoItK4b+Lo4edtkIDizgDCKD6NPFPZNBoplR40TuZhYKGIHRfQJVfmFN71b1N8SWPCDlIb379my5pd0KgIIIIAAAgjMrwAB4fz6UzoCCCAwa4HWrn4T05KjfeWGdqXSF/t9/uByPFDNNHnseFMVb6YHVWyfV71T1N2lPrzZqe4Nk6n7R/rW/mrWSGSAAAIIIIAAAnkFCAg5MRBAAIE6Fli1buA87+S/5q4JpcLEYjXJPTZOTpNp1MTMi9OD6u0JL3qXiL9LnfxYzH5gKfstgePcnQWUhAACCCCwcAQICBdOX9ISBBBoQIFVXX3nhOJ+HDW9Pr7QpweF0VihRrXP+pWN/6xAnxZ+R1LNxHsVd1DMnhAnvxCRu7z3N6vpD50G9w9tXf3rBjxVaDICCCCAAAKMEHIOIIAAAgtN4NzOvqXLEm7/RDA4ddgtzjBcKZRK5FGqjKzfTxQ3rdzpFYkXOOYWns7F1EQtqeIPeHP3m/rbRBM/dGG4x7z/DaONZXQYSRFAAAEE6lqgPh4o1zUxlUcAAQSqK9C6rr9HnL6+UCmxVhwtVsVobdEofkqnqa3LRia4m6xWoXcX08OPU96zLOmSjjajoNE9JWK/8WI/NdG9Tvx/qQb3nhA8/UBPz6awur1L7ggggAACCFRXoLau7NVtK7kjgAACC1TAtK1rx4MmdsKMGlhgBHAiuCqVaTqhyfiWF8UD01KZzfb3+RuTie0mF97Jl6qsgdDxFXFMzKmMRttwiMivndhtSdHvq/nvi2u6d/eWS347FrLOtmEcjwACCCCAQFUECAirwkqmCCCAwNwLtK0ffNLEjog1iDdlwCx3pG0y2ikV5KVbOZ68yPhhvACsrJCsIsDTRgnzjTam2xgFvNF/TH3XMXuHjgJpVLyKjor5fSZ6h6r8PEjp97zYjwJJ3Xvd9nUPVqQxZIIAAggggMAMBAgIZ4DGIQgggEAtCrR1X7ncUsseEZFFZddvSiyW/md6Owj7VnNi0bv3Sxg0pVInObOTRPU8Ez3LxJ8u5p4takeL6BIVCQruYDh1bmfZFZyHAyYC3bFFb9LTTjMwM/lMvu+YNzz2JnJITR/24n6hEv7UArlavdwz0rvm9pmUxzEIIIAAAgjEEZjZVS1OzqRBAAEEEJhzgZXdgye4lH9ARKPgbPITZ/CtSBoVSXlxuwOxj+3qbR8u1rDzu645MeFTJ4nTE0RtpTN7gTd5toqcLqpHikizmQQaY5ppwXIKTnMdD97mlr4gXZ5Ae7xmBRcCylP19ICu6iETe9qF+hvv/G2qcpP3dlOz93czyji3/U1pCCCAwEISICBcSL1JWxBAAAERaVt79XMtSP1cRN04SE5cEic4nCo5NbAxeUydfi0Iwr/f2dN530zgz1s9eOTSJn2GT4SnhCbnJ8S96L9HJM8U1WeKypFm1qxmLt+I3LQm5HuPcSbtnElD4h4zbcQxOrDQO4+Zqajjo4oF+y/38JSZHFCVh0XkDjH3Yy9yXeD17qHtl94Zt5qkQwABBBBoLAECwsbqb1qLAAINItC2YfBUb/7zIrpRRVyBuKN8jXTgNXViqAu9hHvFEh/avXX1deVnWvyI13Z/56jR1OFTVOVkE20Rb2er6ZkSyDPE5IhoxFFMXM5yo2NZTgukoiBrcm2ZElXN3dRiTuPLKe9lRjWJQsTZXLRN1KvIYVG/T01/7c1u8+aGXUJ+0uQP3XNd74ZHK9135IcAAgggUPsCs7m21H7rqCECCCCAgLR17bjQNPwX8frcsWGnqWujVFApvbDKPvXu/zlnf7dzS8fdFcy8aFYXdvQf07Q4cYpZ6hmhSEvg9SxTeb6JneJEl3vVpvSI4/gnemvPpSeuFgy0zEy0wDuDk8fNaag4aZBe6Ka8y/h4TTOhbrRWjk5kYabmnKS89/ud09+a2U/N6R4x+VFC5O657Mu5OmcoBwEEEECg1jaUokcQQAABBKomcMHabUc0uaaPmtr7xCQxEQXNej5p4SqbmFdzP04GqU/dsHnt5qo1royM2zr7jvfNwbOSob2gSbVFxb9ARc8UlWO8SLNGo43RZ/rWhUVKyR1NzEk44TtfgWPu4qh5p6HG9xtVkcdF5Lemeqs3//NA9Huh13uCfUt+OTS06lD8rEiJAAIIIFALAuU9WqyFGlMHBBBAAIFZC6zquvocr8l/EXMvTYcLMxhtyq5EJtQpEhRNJn7Kmf57GKY+O9K39lezbkhVMjC9aO32E0NJPEs0PNe7xKvU+xea0+eoyFEi0iTRNNwpn2KERUPB7F/OU8wYm3HaVNbsJ8vp+cShiD4tYg96kzsDkdu92S2B6q2pJnfP7p726P1GPggggAACNSRAQFhDnUFVEEAAgbkWWL16cNHBxfbH3uwvVXV59cvPnmgZTVLUn0oonx5dvH/rjT2bDla//AqVcPnl7jW3nvsMHwbP8t7OE7VXqulZInqaqD9CRKOgMfcamx5xzKyCmhM65wsCpwWJtR4pTnfNTLcdXzZnjELNm+khNXlU1e42kdvN6a3m9cdNar8+Ltj/m56eTWGFeolsEEAAAQRiCBAQxkAiCQIIINAIAi0b+57nQv2/XvU10borlQpBJtehKZJjZou/R5yTG03cx4e3rP7+QjBvW7/jDFE5NVRZKZZ6uZo7y6k/xcQtFdMm0WiJm5ifWY7ixiylvGSlRwwn3lOcfH+x+MllokkV/5ha8BNR+3/iwr1Dmzt/Vl7FSI0AAgggEFcg/oUobo6kQwABBBCoe4FV6/vf5Z37opgtjhqTWeVy6jqX4xNFq/NCuomMitj1CW26fOeWS0bqHrVAA6JtQsQlT005uSjh3UtN5UxVOcHMLRfzwfi6L5PTcme+3ujkyGSlwv38jcrNPXPujMezM1kvdSy/0KIFi8weMXU/c97/IpqO6szdFi7Su5mOulD/QmgXAghUW4CAsNrC5I8AAgjUscCK7quPbTL/dvX2fjE9JbNpQ6U+mVVbMttATA9Qpv5ERZNi9sNRlU83P770mkZZwGRl9+AJiaQ/TUTOFZXzQ9GznOhpJha9z9gcvc84baGYkvHe5LhtpXpzpvmkq1qivjmji9nRZXah6emockhNH1G1e7zJbRLobdF01MD07hOanrqX6agz7SWOQwCBhSxQwQv7QmaibQgggAACkcDK9X2vcuL+SpxcIibNkwto2lhgN35ZKRmRTAEtN306lgyD0N0aev2MW/zk9qGeTU83ai+tWrvjTGkKzzBxr7UwdY644LlicryILBWRIO2StWrq+LYTmTh88lagZC8UXHm15JEV6ZqppUxsnzG2R2Op4DKajipiT6joAyJyh5reKup/kEg07/5uz+v2VaSSZIIAAgjUmQABYZ11GNVFAAEEakUg2vdPFgdvDrz/ExGJRrDyX1NmEStMBpxFNgscAzE1L15+KU7/1h+2K/cMrIm2R+AjIhes3XZKU6LptJQmzk/41CvTo4waPtNMjlDRpvEdDWN3VU5wOdbxWQfHzmfWvZM9bTnzImoU4JYKDAsUe1hF7zTnbxMvt3snNwRid/P+4qw7iQwQQKDGBQgIa7yDqB4CCCBQLwItGwdfJt7/lRNtN5H0u4cTn/QLZNG/si87sbapmFHzx4ozL3KfOP8PoTX/8w29lzw0o8wa4KAV3VcuWZRa+pzQyTOdyVo1d6aInGIqx4nZMWNbbRSVmAjNskYdp4/oVed908p10WSNc6apmqTEyRNqcp9X+VkgcrMF8iM5HNz51MnH3733q69IVq4O5IQAAgjMrQAB4dx6UxoCCCDQEALnrR48srlJ3iSB/amKPDv9muC8ftLBp6n4R1IS/FOT6T8NbV3963mtUh0V3t19ZfBouOzUpOkZ6uylEtpZTuUsMz09ChpVZbFYZm/G8cBwclHU7Cmp49tulHNCVHG8sUJZZ1ZGtcdV5F41uc2r/MQF/oeWStwlTyz+zdDQqlQddTdVRQCBBhOY5wt0g2nTXAQQQKBBBdq6+l/kTT+oKl0ismScIe/9eIVu0vOsUzO51GW6AumFVZ7wzvUkkvq5XdtX/7xBu6cizY4WvwkO2+le/VlO9SXm3AvF/HPV9CSvslzH32WcTWlztfVGpc7Bibba42q605v2iPO3jPSuuX02DByLAAIIVFKAgLCSmuSFAAIIIFBS4OKLr1l2YHH4BhfIX6jI8zJLjY6/xZbn8BnenGe/XVayUuPRo8ohL8HVCZ/6xK6ta/aWPo4UcQXa2nYtDo86+GxVOdWJrjBnz1ezsy2amipylGZWTJ3+ye7/ib0ripwvcSs0H+m8ibixWy+Tw+LkQbHwNtHgR15tWEf9HSN9a381H1WjTAQQaFwBAsLG7XtajgACCNSEQDSy5L2+tcnsfWZ2SvpFQ4tWLc1coqZdqKYFiGVGjFMXP5myAklubpoUlRslmbpiuG/tjpoAW8CVaFu/4wwzfZa6w8u8D550zl7iRV6k3p0lgZ0h5k4QsaVi5tKro5Y7YjhtMZycaLP0ykUztJ/2ZmJWvfOcvdH85gOmcr+K3uzUfhiKXO8CuWOop+O3M6wChyGAAAIFBQgIOTkQQAABBGpK4LXd3znqsB99e+D1j03s1PHlaPIGh3NdczXvzN1+2Oxvw8O65aYd7U/OdRUoT6Rtfe/RYbD4NAn98wLVl5nImar+hSZ6kng92tQSRW9wcqKwnOVjsngL/bwaPZD3KcX0glS8mDzp1N3mJfxGIHrNzi0dd1ejRuSJAAKNI0BA2Dh9TUsRQACBuhQ4t7Nv6ZIl7m2JpHzATE6LtpxLv/0XezynzBHEKUpFjzYxM/9AwoX/4BNN/8wITu2cYm1rr36uJVLPEtNXiMgLNb0Ijj3LxB2rYplVcMdHDLNiP4tWQMr6ec6/pzavWsuo5oxa5xaSc+5P1NsOqMoDXtytKv7HIrrHUuGdTD+tnfORmiBQywIEhLXcO9QNAQQQQGCawOrVg4ueXiq/H5h90EzOSL9NVmjqYAVWrZkyozRTn2mBQM47bU94bz1Bwj7PHna1ewKv3HD1MxJheJpv0mNt1PZboGeq+ZeY0xc7kd8x0+PFZIlGi9PWzGd6cJipXIHHFqYm6g+q6AOh6e3O+R+JdzdamPrZyLk/vFsuv9zXTNOoCAIIzJtADX3JzZsBBSOAAAII1LFAtCXCg6kj3+TUf8TMnh0NHI6PokTNyrnQzW6wcLrSlPzyZq9yyESvDZNNnz5l8ePf7+nZFNYxd4NV3XTlhmtO1jD1OxoELzXzLxG1F2u03YbIcSq6SMw0fZLFPLfmaSLqtApGe7Co2UMqujXl/bUuIT8d2dz5iwbrYJqLAAKxZ9tAhQACCCCAQN0ImLZu7HujWvAxb/bcaAAxGkGMFqkp/hQ05h19jsPYMSUOzfx6Im1KnX1/1PQzzY8vvWZoaNWhuqGlotMELujeflpi1J3unb7Cef9ice5sETtNxB0jYoumHpB3xDlKlHd1mfEHGjM5N2fWWSZyUM0eNJVbxIIfitiNYsHtI9suuXdmOXIUAgjUugAjhLXeQ9QPAQQQQGDWAi1dOzYEYp8KxZ4/9WFooQvhbG/BC45S5plvauZ+oU2pz4UHXM+egTWPz7rBZFBzAm0b+14QjrozXZOcJ6LnqNmZZnKyqC4RMZeucJ7nC9PPw3gPIWYPEC12mvUQJb2gje0XkfvE9Psm/t9HtnZeO/tyyAEBBOZbgIBwvnuA8hFAAAEE5lzgwjcMrEkk7bPe5Pkq6qa/gjjlprvc7Q3ytChnMZBCLR4fSjR7yFzwlTBIfv36nrX3zDkQBc6pwAVrt52S0OA5obNXBuLOUZFzTOyZKnqMmQSZoe1C7w9OVjVnJHoOWpBee8fkIVG51VRuEJHvOD96y9DWrifmoHiKQACBCgkQEFYIkmwQQAABBOpXYMUbd1zUnAz/Vry+WESC7JZU9p2vrJv6kkOQWSV73e+dbQ9M/2Zoa8eP61eampcrcPHF1yw7dET4fBfq2ab+lSbSoiKHxHSZaBitmnqkimRGGKeGjXHecS23QjHSm0hSTR40czeLhLudd8PNh4OfXHvtJdEIIx8EEKgxAQLCGusQqoMAAgggMP8C571p8NTF++2L5qxdTBfP18Uye8Qne4TRVJLq7QdJ1c9YYv+1N/ZsOjj/atRgvgSioDG5OHxp2CwXulBXmPkXiegzTP0SFY2xrlLJpxNlNG0yr2ljmib7RHWbePuaNh/40VDPpqfLyJikCCBQJYH5usZVqTlkiwACCCCAQOUFzn3XD5qWPfzQR0XsD9XkuPG9EPNeRCcG9uIsZFN+XfPfukdLXco9odiXQ2n+xg29lzxUfs4csRAFomDx4LLUa524C8z8BU7sOebcsWbWNLHQ0VjDp51bOT+YfdA4kcP4f2h6pPMuUT/iTa8JJXEj5+5CPAtpU60LEBDWeg9RPwQQQACBGhQwbdmwY5NK+FERPVNMJ6bsTavsbO6jCx077c46U2r0qmP0vll0cfdmTzoJtqiGnxvq7bh1ym4cNWhKleZaIAoWRxenXmgJe5V4OVdEzzWNVkjVo0TExbpJnM35nWdpVTNLicqvVPXjw1s6/m2uTSgPgUYUiPW33ogwtBkBBBBAAIFyBC7s6jsnEL1CVFeJyaLCq4wWynVWd9YTmaZzyb8IzqhXubHZgivCxxcNsd1FOb3beGkvWrvtpDBofp4Xf6E6fbl4f46ZPVPVLZv29CEvz0zO5/QyNZObh6p58XqLOvv3MHD/urun/eHG6wlajED1BQgIq29MCQgggAACDSiwovvqY5uSqY+Jyu9pZsSl8DU3a5rplFe+ypeLOc3Poh3V1d3lk/7vZbH7Njfb5VM38hHnrR48cukSeXHK/EVq7nxVi1ZHPcGmLMpUWSPd50SvUT3w5zu3bLy7snmTGwKNK0BA2Lh9T8sRQAABBOZQYEX3lUucX/aWwNsHVPR38gaIY8FczgBfZsivaDxZrBnxjhxbvsb0cZVUj6n7wkjvmtvnkIeiFohANLI46ppfJM4uDsQuEJMzTe3YzLTqeGdjHApTuUVE/vfIlo6ROOlJgwAChQUICDk7EEAAAQQQmAeB7u4rgwfC5lUubPqwBLZCTZtyp5nGuXmOk2a8cVPWfDQTzV2AMo+CHhazkeaE/0xif7Bnx472w/NARZELRCB6KLLo8LKzw0BWOrEVou5VJvYMNWnObWL881pFD6mE/2dXb+efLxAmmoHAnAsQEM45OQUigAACCCCQX6Clq/+FFuqHndNOUVsex8nEokVP4ySNl2Z8eDL/Pbk3s9tM9cupRHDljT2XPhYvU1IhUFggO1AM1Nq96UtU9DgRG9sTtHSAqCIDQ70da3BGAIHyBSp4BSm/cI5AAAEEEEAAgcICbd0DJ6dM36Jh+G4Vd+rEchv57o/zLyRTJm+ejIvfi5uafyy0xDfN+S/t6e24o8wCSY5AQYG29QMv9apvVfGvF9FTis+bVkuE+tLrtq+OppLyQQCBMgQICMvAIikCCCCAAALzKXBuZ9/SI5r0/FD0E870XBFLRPWZWJNm7B95Z4KWHmSJ37Txdx3TR2T+MXlDoYfE2S41/eunjj9x796vviIZP2NSIpBfIH3uB26TF3unS2+PIYvypDx86JCeeNOO9idxRACB+AIEhPGtSIkAAggggEBtCVx+uWv5yavOEe8vE68d4mRZ5sI+/jZi7mV+luvTlGh7/ohTRUIvcpu38LOLm5Zs/27P6/bVFiK1qUeBlg0DLWL6dyr28tz629eHe9e8ox7bRJ0RmC8BAsL5kqdcBBBAAAEEqiDwmg0Dp6fERdPs/tC8nKxFXzCs5LBhpjHFg86x35o9FErwTwmRfx7auvrXVWAgywYRaO3q/5aIvjGruTuHezsuapDm00wEKiJAQFgRRjJBAAEEEECgNgUuWLvtiCZZ3GFNyb8Qry8WkyB7G4vMWOLUaZ+VaUv+ccrxvLOCUbMDXmVQ1H/65ODQzT09m8LK1IBcFrpAy8a+56nXOya2+XTuT4c3r/78Qm837UOgkgIEhJXUJC8EEEAAAQRqXCDa7uL+Q8e8MggOXyZOLhbTJSW3Ocx6Z7D8G4cio5CFfmWaUrG9KuFnnwx1x96+zgM1zkr15kngtd3fOSqZOvzEeEBoErxlpPfSf52n6lAsAnUpUP73el02k0ojgAACCCCAQCGB16wffE5K7Q9E5O0qckLx1Rwr51jGhFUzZ/d6df+QUPvGUE/HbytXC3Kqd4G2DQNPm8myqB3mE6eNbLvk3npvE/VHYC4FCAjnUpuyEEAAAQQQqAOBaNTlcHK0y5n+mTh5weR+cJOVLyOYm12Lc2aWZkLV6ObFTJ5UcVtUw88N9XbcKpl5sHwaUKC1a+BWETkravrTKb+MEeUGPAlo8qwECAhnxbdwDl65vu8JT7wtAAAgAElEQVRVappYfLDp5muvvWT/wmkZLUEAAQQQqITAiu7trc0+8RfiZZWIXxyFZZlYbc5Cw6xo1ESm7K1hKqPm9YZEoFfs2rz6mkq0mTzqQ6Clq/8tKvppM/nHka0dH6uPWlNLBGpHgICwdvpizmuysnvwhCCUW8zs5KmFm+lo4OT7yVC+umdbO3Px57x3KBABBBCobYFVa3ec6RPhe8XsDSbu2Cg2nJObChOx8VHCMaJ85ZqYmekd6uTvkkHQc2PPpY/Vtii1QwABBOZHYE6+u+enaZRaTOCCjQOXJUL5dNZOwlnJp68eYOJ2jvSuZhlnTisEEEAAgbwCF3VtOS6pi16vpn9q4p+rJeLDyo4ulhiltGhE0ZlXeyQRhl9INSf+aXdP+8N0JQIIIIDAxBq9UDSKQDQq6Lz8TEKLnuZOPwPSF808zwlMxKv8fHdvxwsaxYp2IoAAAgjMXKCtbdfi4JjDbSlNfVC8e7WoNefmlhsSRpef8fcDZ15qiSPHr3FmYqLm1O7xqp9uDpq//d2e1+2rWrlkjAACCNSwACOENdw5la5a27rtf+E1uCIT7xV7mprnd2NTdPyo27RnYHVPpetGfggggAACC19gVVffOUlzHwpMOkRlWRQA5uxVmP5HgQeTVX5XMbrMienNkgquSC7Zt/3Gnk0HF36P0EIEEECAEcKGOAdWdF99bHMqFW3aelymwWUuAJCdXG3/8JY1yxsCjkYigAACCFRV4DUbBk63MHxT6PR/qblTRPO/yDBRiTIvX2VXPit/NQvVyU0+lMuGt63ZXXZeHIAAAgjUiQAjhHXSUTOt5oUbB94XePnCTI/PdxEeTexfypPTWYuSAQIIIIDAFIHzVg8e2dyk7drkP6jezhbRYDJJ9v4Ts90pcfobjLmxZt7Ic9RUd9mo+8ju/ku/R+chgAACC0WAgHCh9GSedrSuH/ilqPxOWU0cvwYWeQobmHx459aOT5SVL4kRQAABBBCYgUBrV98KUfuIWrDKRBaNZ5F+CzDPgGLOFNQZlFfokGkBo+ohMdvqvfv47m3tt1WwKLJCAAEE5lSAgHBOueemsOhFfn/MgUdVZGmsEieunpOXu8yP8lxso5csnCZHtrRPWRwgVkkkQgABBBBAYFYC0XYXYeDfr+K7RYJjM5tQFP7MdpZp3OO9tydV9P+FzeHnru9Ze8+sGsnBCCCAwBwKEBDOIfZcFBUt+52SxQ+KWNY0mzKvlPker2ZfEU2kqan5aFZkm4sepQwEEEAAgWIC0erZcsi/UZvlvRrqcwoOG5ZcUC2m85R9EDVaiyY9gzX6r+zFGfzDGrr2oe0dP4iZM8kQQACBeREgIJwX9uoUGr2cH3r5dYlX8jOFT3/kGToXnDPqRp9KpIK789Yw+yLo/VdGtnX+z+q0hFwRQAABBBCYmcCK7iuXJJJHnK8WfsyJnmdOEoUXU4vxnsRMqjF2vYwO1fTypXKDBP6tI5s7fzGT7DgGAQQQqKYAAWE1decw71UbBzZ6L1fF2uh3SjCoXrcObWvvGq9u6/oBn76GaeZCli/ANJPUyNaOpjlsIkUhgAACCCAwI4GV6/te5cx90py1qWii8GLbMwgQyzhkLE7cE4r8wZ7ejjtm1BgOQgABBCosQEBYYdD5yG7lusGPOOc/NoNdRNKjgrs2X3prdr1b1/f/i6m+Nd/JMREfmsjw1g7On/nocMpEAAEEEJiVwKquwVbv5Qp19koTKfKKRRnRXk6NpjxNzZ9N9NOhwPSdO7e23zWrBnEwAgggMAsBbuhngVcLh7Zs3PGfGvpNxaaJZgdx4+lU3cDQltVr8rWhbf2OM0z9r9K/K/Q2PQFhLXQ/dUAAAQQQmKXAuZ19S5c0yXpV9xEXyvNNRQvfHM00QMxTyezrq5oXs+9ayv5opG9t5vrLBwEEEJgjAQLCOYKuRjGtG/pvE68vjPXOYFZk5+Twxl29G7YUqlPb+t6jTZsfL1Xn4V5GCEsZ8XsEEEAAgfoSiK6BGjT/fsr7P1Nxp0ZvT4iZTIaJU1ZZS1+E465FmmsxdSuLsbW9vfrEt4a2XfJ79SVHbRFAoF4FCAjrtOda1w3uE2dHlqx+1kIw0RUrKYmTb+i95KFSx7V0DRRfx1tECAhLKfJ7BBBAAIF6Fzi/65oTF7nkH3lz7xXzxxV/PSOzgoxpvh0Sy5VQC0yex3TSct1IjwAC5QoQEJYrNs/po9XTmsPlj4nZ4mJVmf6s0rwmDhw11LPp6ThNaO0aGN98YsrjzOgpaeZH+viyJUNDqw7FyY80CCCAAAIILASBtrVXPzdMpP7EibxZTJdHbYo2nkivxJa+OE62Mv64Yb5Rx3Q+Ntzb4RaCG21AAIHaFSAgrN2+mVazaBqL1+Zow/n0xSF9AYo3X/TJ4d6Oo8ppasGAMCsTn9ATd/e0P1xOvqRFAAEEEEBgIQm0dfW/yNR9VEzXiISL848gxg8NM9f39DzVsd0N3cqh3tV7FpIZbUEAgdoSICCsrf4oWJuVG65+hjN/XzQRpdirCpOXnLH/Mvn58NaOF5TbzDgBoaXCZ/Pye7mypEcAAQQQWMgCF64dfLtT+TuNXusoFQeW+n0UEvrwsqFtaz+zkM1oGwIIzK8AAeH8+scq/cKugecHIj+PlTh9cRl7tmiyZWRrx8ZYx01JFL1DmHlGGT2lnHqaZPL3zp2ze/PqW2aSP8cggAACCCCw0AXaNg68T719yosunWhrjCAw1yX46HDvpX+90K1oHwIIzJ8AAeH82ccqufUNO14po/572YnzXkum/NCL/vXu3vaPxiokT6KW9QO+1DvxKkxjmakvxyGAAAIILHyBaDqp+uCZKZd6qzNdJ6pLymn12GPZi0Z623eWcxxpEUAAgXIECAjL0ZrjtK2dA78rCflm3LcFx1fF1oR/41BP53/OprqtXQMpKbpZr4g3e/PurWv+fTblcCwCCCCAAAILQWDlusGznJM3qPk3e9Uz0ttVFPuML91W4k7Mez1797b22xaCEW1AAIHaFCAgrM1+kQs27vhA4P3fjHdQoVHBaFGzzAzRzP4Sqvbiod41P51ts1o3DI6KWVPxi1niD4e3XvLV2ZbF8QgggAACCNSTwEVdW447aIs6m5y8W0xeKiKJ7IVgsttS9gzRKYvGjSaC427sufSxevKhrgggUF8CBIQ12F+t6wb/Q5z9j/KqpvbYkseP+8k331RyQ/k4+bZsGDisJs3FNtsNxf/pnt7Oz8fJjzQIIIAAAgjUo0C03dNSWXRhyif+2Mza1LKmfcaO9mInnEbEnr/1eNZQZwTqS4CAsMb6q7Wr70YR9+qyqqUSDm/pSJR1TInErV0D0f6Ci6Ymy76ksfJZJcXJCwEEEECgFgRaOrf/jgXNbxNJvkPFPWP6+/R5dvrN3X6wvGZMyS7nOivy46HejpeVlyGpEUAAgfIECAjL86pq6taugXtF5NSihaRfFIxSTHTdgeHejmWVrljrhoGDYrI4yrfQc01V/+GhLZ2fqHTZ5NcYAis3bH+5hu5d6nSdiJw4cVJP7JhiufdhxR6wz/zhey62iWVKjf7DRFWfdqafTSb9l/YMrKnI6Htj9C6tRKB+BFq7+laYd3+pgVyUvu6V8X1SRtKyQMbyDZ9O+SP39nUeKOtgEiOAAAJlChAQlglWreStXQNPiMjk5vGxrjL62+He9mdUo04tXf0HVIqvhmbqPzGypfPD1SifPBeOQFv3lcsldcRLvfr3q9nFIro8E/wVOMnHHnpkfpv1FTUnAWH0wCW7zMl/m5h3ptd5kz8d2dbxk4XTQ7QEgcYRWNk9eIKNprqdJt6nas8VETfe+vGvmEJfNbEuyzOiHNvlSTPbDIupdypbmvcHb7322kv2zyhLDkIAAQTKECAgLAOrGkmjdxOaU8sfF7FFxd7XS5c9voyoiHiRm3f3dkQvslfl09o1uF/E0vsmFbwIOvns8OaOP69KBci0LgWimy05rBdpEL5LVF+tJjlLrE+cS5k1kNKfaV9CtRQQTumF7PqLyX0S+g8vDYNv7tjRfrguO4xKI7CQBS6/3K38yXkvcj71p2ZunWr00NXEsh81jV9XC17oYi4FGssxfyGZEvQRVflsU9D0j9/ted2+WNmRCAEEEKiQAAFhhSBnks0Fa7cdEbjEE6qTTyhL5xNdzGT7SO+aaJpd1T6tXYNPmdjy6AQpdJ304v5ud+/qP6laJci4pgUu3ND/7IS4td7kzWLyElFLv8da9Esl66FGRRtX1qP7shKnqzn1iGk5qCQDcd+QIHX5zp7O+yraNjJDAIFYAq/t/s5RyUPWbonR96voy6OVP8cPTP/NTv3+Kf+roGg9Cmc3/SVBFTvsnVzlfPI9Q1u7ohlCfBBAAIF5EyAgnCf687uuObFJkg9O3j4Xmj6XfYdt4jT4h11bVr+72tVuWT/4pKodMe1ueOxh6djozpdHejveU+26kP/8C6zaePXZydDemBB7i6k9M3uaVXbtsp+9V/hea/4Rcu4sp1cn095IwJk4/68jm9e8tXYqTU0QWHgCLesGXmyBvNeZdYm4YyfnHWQ/xqn2N1HhCaYTI5GZGRHexO/1iw+/7fpvvf7WhdcbtAgBBOpZgIBwHnrv4o19Lzjs3e0l7i+zajZ2q+mC949svvSLc1Hl1vX9+0T0yImyxs6UnEufl68Nb+t451zUhzLmSsB01dqrnx8m5I3iw7eLyqkq6uLdUsVLNVctqX45Y+0tNOppYqFLbtyzZX1v9etCCQgsbIFo9C912K82Tb1PVF8xPiOh4HU0MyRYas5CfLQ4z2wnc4sWp3pMzPeLc188yT19S0/PpjB+YaREAAEE5laAgHBuveXV6/pfu8jpd0pfpnJTBHJ4087eDT1zVd2WroFHVeTYYuWZl38d2dbxlrmqE+VUXuDCroHnO3W/axa+zYk+a3zkL+/5GesFwMrXcf5zLP3XWrSOpg+ESX82q5TOf09Sg/oRaOvqf1Ho3HvFy+udyNG5o3/5XmWY8m7gjJs6/vee9Xc//uynQHipKoe96R5V/8lFTzd9j4VgZozPgQggME8CBIRzCP+adX1vC537evEip998WpC8YOSq9TfMYVWltavvERF3XIm6fmu4d83/mMt6UdbMBVo29j0v4cNNoTW9w5ydrqbp1fXy3UZV6taqdG2n33SVPqbGUxR44VC9fWZo25rLarz2VA+BORco9u5f5juqwLvJs31WMy3fPEHg2ELD479Rk5RXvUUTqX/0kujd3dP+8JyDUSACCCBQYQECwgqDFsquZf3Ax1XkrzIrbsS4io0lScjh46/r3fDoHFVzopiVXQMPamZvuIKLhIQmV+7Z2vGGua4b5ZUWaFt79XOTTeHrA7N3iskZk9M+Y5x7WdmXl7pwvYrmM7biaC1/GeWr/0yCZjM57J2dtWfLml+W7kVSILAwBdIzE8zepSpvEdHjc1s5/S8rvZRa7iY0s4Yp8NwmJ19LV8XfLxZcZSZf3b2t/bZZF0wGCCCAQA0K1PI9WA1yzaxKLRsGv61mb8i5zOW5w8xZkEPNh6nw6Ou3r3tqZqXO7qjWdf2/FacnFbvFN9EtI70dG2dXEkfPVuA1GwZONwnfZD7xdlE7w0SCTJ55Rptz1yhKb/0w4y+BUtFi9u+j9+yikqa8i6qqSfH2Q2sKv65JvWO2FpU6Pgx0URC6L5v45+TsSzheQKm2T1Qk/1wzUxsc2bKmo1L1JR8EalmgdV3/Sq/BR1X9ShVpjr6aCm47U42GlJjyOf59aaoHVMIRtaZPDvWu3lONqpAnAgggUIsCM74XrMXG1GKdWtf275ZALyxZt5wbTE0tPSTL53Nvs9augXtF5NSi9TbpH97a0VmybSSomEC0b+WS5PKVobM/VtM2E1s8NfSr1vSqEudCTmQZ1SH6ZH/BeLODzsnwqHf/KE1u5MaeSx+rGEwVM2pZd82zRMMrRKVbzZpmHEGnb4KzdkBT8YlU0HHd9kuvrmL1yRqBORWIVtBudqnfNS/vF5PT0wN76S+lsUee1Z4RUGCRp2nfiyap//6bvlVT7v8EiYNb52Mmzpx2DIUhgAACRQQICKt4erSs779PVU8ZfxqaD3vaRUrlqeEtHZOre1axfsWybuvq/5WJnJG5pc8fYjDKUf3OSU+tEnlb9H/ey4nqcsORQsHf5D1RBe6+pozuTW311Alell7az54Sc1eLhV/c7+3He/s6D1Rfq/olnNvZt3T5Yvs9n3SfcKonZJcYe9BwSjXV5C55YumLhoZWHap+CygBgcoKrOrqOycl+hcqukZFMlsV5flM/H1kB2wz/aMpVcaU30dfSCKZqZ+i/h9HetdMrPJdWQ1yQwABBOpTgICwSv3Wsn4g2nD+qHKydyb37NracXo5x1Qrbcv6/p+ryvMzseCU02R8+Efk2uGtHZdUqw6Nlu8Fa7cdkQgSr5bQPmIJd156NKrEjU/uw/CZ3V3lzOwstkj75B3dRKpoby3xcp866zN1XxvZ3P6jRuq3lo2DLxPvv6CSngXgpj08idMlmb+xw8O97enRXj4I1KpAW/eVyy21bMV/n7AfU7NXmk5u/J6uc+EtWMamC8T5gyij9QWyi1b9NC/D5uST7rGl3+NhSxmmJEUAgYYUICCsQre3dQ0eHJ/KFzv70PYMb1+zMnb6Kids2dh/i3h9cVRMoZPEm3x399aO11W5Kgs2+2hTZdXwPU7dRi8abfExQV3h26bChlkFjS/cULDP0xsr651BmPqGWNPmXdtX/3zBds4MGtaybuAP1clXZtx3JqPDWzsWzaBoDkGgKgJt3QMnW+jfa+beJiInTbwFPOOTfObVHJ+JMLVoS8/D9veL6te82L+yYNPMjTkSAQQaV4CAsIJ9H73f1Zxa+pSIFlzUI19xpvLNkS0db6pgVWadVWvX4E9F7OxiGZnI8EhvR9usC2uADFZ0X32sO5zqTET7aqm9REQS4zc2ee+tYi2CUA5c7sTOQg/ys3L03uRXgci/pVS+tae3/RdjuzyXU2jDpe3uvjJ4MLX8ThU7o/zGp98vTC45pEfM5/vD5debIxaKQNv63qMlaI72lr3Mezs59+FQ7u3C5ESRmS5MNeWbb+qXUs7Dqqw95lUOSSh7XML9rT26eJjRv4Vy9tEOBBCYTwECwgrpRxdSk+bHSq2MPXmNy/yXin5mqLe95vYma1nff4OqrijKY/77w1s7X1UhwgWXTfT+X2Dug6L2ltxNlSeDszl50J5nhc9x7MwboubV3K+8uG+K+W+ztPrsT8XWjv5V0uyuE7Poj7zEJ/dbQcRSycSBI2/s2XSw1JH8HoHZCEQPMYNwSVfg3V+b6rOj76mCp2v2wjAThc7+G6xYDmYWvZJ8v0nTPzeZ/9edW9vvmk17ORYBBBBAIL9AyVsV4EoLXLB22ylBkLgv92nq9OOmXvjCwL17z1Wr/6F0CXOfYuX6ge84ldfmKznr9vWnw71r0tNK+YhEe//55vD96vUtYrZ83CTfaFzm3mpsx+Ny8QrdQcW5N1PxanJPSoL/aHLyrV2bL7213OJJH1+gpWtwSMVa0109fliRO+7xNUhVNEyGyWPma9uZ+C0kZb0JrNoweEEY+s+ok1dPzmbJ04o43yfFLxCTv83z/nH0yzyzJA6b6J5A5OOHEk9/j4ci9XZ2UV8EEKhXAQLCWfbcyg3bLnCW2DPxMn3Rx51jl0BVGTXtunFr+9ZZFl+1w1duGOx15tdPX2U008DMGJe7f7i3/ZlVq0SNZ3zhhv5nu1DfJ07eqiZHpqdQzWZfvzjtLXGTNuXXXsXulUCu8kn9xsi2jp/EKYI0lRW4oHv7aYmU+2XRm++xIqf0X6g2evzQ1q4nKlsjcmskgWgVUFP3cS9yqZrkWahqfPJnZW8Hik2FT/ubmjl7WLz9mwvsa0ObO3/WSP1CWxFAAIFaEqjsFaCWWjYHdVnZuX2jSwRXlVuUd+6c3ZtX31LucXOZvmXdwDfUye+PhbB5Z715kcd293YcN5f1ms+yoht7N6rvUefeqSJHT9Sl0P1U0ZcE47YkbgRo0WSvp8ysX1xwRa2fX3Fbv5DSrXz94N+70P53pk3xhl9MzTfZ6InskbaQzoTqtiWaqp4w/ZCJ3ySqS7JLq8hXUv6HFzmndG45ma1vonPZqf4o5cMvLm5asv27Pa/bV10JckcAAQQQiCtAQBhXakq61g39/0tMv1zy1m7KfZ+GwfOGtl965wyLnbPDWjcM/r3Y+M1r/mLN5KmRrfO/Z2K1UKKpwImEe4+Y/pGIHDN96YT8N/VT9+WLU7/8T9PHppTm+WV0i2VivzLRL3tJ/PsNvZc8FKcc0syvwEVrt52UDBK/LfnFm3VHHd1Lu4ScMtTT8dv5rT2l16JAtBH8Ipf8Ix9tBC96TPE6ZnbkS38Kvy1YMIvpMz+nfDmNTYNPF2F2QFSuUQ0+Pbxl9fdr0Y46IYAAAgiMXRKAKF+grWvg017kspI3dVlZR3fviSb/rJ09nel3DWv907Jhx0fV/OX56jl5C6AHhnvbl9V6W+LWL1pi3Yfuj9SH7xHVaSOfeV+DiTfQk6cKpZ7V52ZsqkkxvycQ9zF7fMlNrKwXt1drL92FHf3HBM36WPaQSunTSE1T4YlDfZ2P1F6LqNFcC7R17bjQvH3NnJ2ZfR1Kn0eZaCy9PEw516j8bZj+eCtnQsTYiTu28ftvAvP/d9TLN67fvu7+uTahPAQQQACBmQvM/nox87Lr8sjW9f3/IqpvjVP5rLUkw4SMnlRP075a1ve9T9V9oWg7VUaHt9TvvmkruwdPSIym3umd+2MRPb54n1bmPZuS68iMrT5i6h5Vn9ps6r4w0rvm9jjnG2nqRyAdFDa5R0V9GW+dalIfX3IkDwPqp58rWdOW7u3v0FRwhYiU+K6KPSN5evWmDvjl3Yc2nShlYjeIuI8lE0/fyOIvlexp8kIAAQTmXoCAsAzz1vX93xHV105OuSl08ORV1URGwzB1fL2tFti29po3WpD8VqaFhZdFHO7tcGUQzmvSaC/ARDj6++rdB1T1lPQITTrOixbJyW1mpf4wssPI8Y3fp+Wd3vDd/1RVvjTqmjbf2HPpY/MKReFzIhAFha7JPaoTQWGhKciZFWnTGwKYPTKydc0Jc1JBCplXgdd2f+eow6nwT1RSf6aiS3MqU3pIuYy6x8lMk6L+Omd22a7ezpvLyJykCCCAAAJ1IFCp+946aOrsqtja1X+biL4wyiXO5TOTTh8d6W0v/TR3dlWrytGtG3a8Usx/L1/m2ZOIApUzdm7puLsqlZhlphes3XZEYpH+riTdX5rqaeMne8H+i9uxxepVYggwXYTKIfO2U9U+MdzbeeMsm8nhdSxw3urBIxcvsidK7V+a/aVjXq8f2dZ+YR03m6oXEIjeW24Kmj5lIm8SsUQm2fQvpszU0Jjb1mTPTh8vt/SV34vKf0lolw1vW7ObDkMAAQQQWNgCpS8LC7v9sVrXsq7/YXF6fPRuhhWb4DV+gY7SObtnZMua02MVUKOJWrsGxge48tcwE91cNdzb3l0LTbj44muWHVgSbgwC+4iYPSd3ZHNsNLDgQgpxo8Gc0d/M+zrpv6ICN23pX7ifiobvC03v29PbcUctWFGH2hFoW997tNfmx8qYOyoi7rPDvav/vHZaQU1mKrBy3eBZ6vTvVfyqqGMn47y430kzK3li9sLYClWWkDsspZ866MOr9vZ1HphZrhyFAAIIIFCPAgSERXrt3M6+pcsS7mEVyZ2uk++YrGDRidyyq7fjnHo8IbLr3No1cEhEFk1rR/Z9iklqeGtHnr2tqt/6Fd1XLkkkjzjfueSXxBJnZsL16Z9pyyKUfZ+VOWDyBir/k/lMKjU1ucs0/H1G/6p/DiyUEqKRwkWL7Ili64BMTj/OnGkp7994/bbO/1woBo3UjpZ1/ee7QL5hps+tXLvHzpD0Fg9Zj8PG3kvOlJP5isxMX5cHRMPPJYNF/8I09cr1AjkhgAAC9ShAQFig19q6r1xuqeUPi9jiuB0bXWIDJ9fu2txxSdxjajndyvVXf85p+CdFJ8maSKDyP3f2dnylmm1ZuXHHS8RSHS4MuiWws8W0qWgAOPWmaFaVmwwIp//BmHhzD4jom4MnFl/Pgh+zgm7og6N3xkaTo49PBoWln1yY2FksOlQfp01b58BbfSB/oyrT3gEt3dMF2ljqwOxZLar7LBV+LRT/eVYBrY9zhloigAACcyVAQJhHOnr3LHDBI6raXE5HePP/tntrZ3oz94Xwuahry3EpWRRvmXvVfSryoqEt7b+ZTdtf0933zFQyOFvNf0ADXeG9LJ12gzzl3ZnJWZsx36kpcm8V/SozFjj2pzH50D1raR17VLz/SFPzkv9gc+XZ9DbHThVo6+w73mdmJaQ/+e73p/7MJ/TE3T3tD6NZWwLp60jQ9HE1+wNRmdyeJztIG1ssKPaFOPt9wOigYgFh+l1lt100vJyHBrV1blAbBBBAoNYEYl+Haq3i1apP9JQ+mTr8iIkmJnBKPYVN78GrnxvZ2v5n1arXfOXb2jXoC4/E5dmq3fx/jmztfGOp+kbTcZcn5Bw1945Q7HVO5VQRnbZiaWbxhKwVQKf0RYyuKVKVmEd72R+64AuJRPglNgcv1bP8frYC0TtlztmtOflMPVVz/+1HE/uXs/T/bOUrc/yqjQPvNdNPmdmyogFbzK+fwslyf2MiXk2/K07/io3gK9OX5IIAAgg0igABYVZPp/cGWyQPi2lQzgmQCuwD11+15m/LOaZe0rZ2Dd4iZi+uwA7H0+9vc56Ujy3YMzb6F/NeqSqMXmTUiVypzn9yaHPnz6pSCJkiUESgbe3gmyywf4+STN8aPOvAyb+XJ0d6O44CdX4EWroGXyPRd4bYcendbNLv8FXrWywrXyeHvNjXxLm/ZpR4fvqeUhFAAIGFIEBAOFBHmJAAABbvSURBVNaL0R51TcnUw6rirOQa8JNdr87ePLR5TfrGbSF+JkYrohvPKCqs0BlT6lap1O9nb50zLTRlZtcEKh/dtXXN3tnnTQ4IzF6gtav/qyL6zjJy+vFwb8fLykhP0lkIrNyw/eUudP8hTl9QNJtZfJnl21nCzB50Cf9XQ1et/dosqs+hCCCAAAIITAhU6Pa+vkXP77rmxCZJPSAmrpyAxwJ/ychVndfWd+tL176tayBpImN7YhV6b6X8u57yjyhR17EMx177y37nL/edQLXQxIYD7z60a1vHTaUFSIHA/Ai0rB/4oYq8bPJkzvNX47OmVIv76vDW1X84P7Vd+KW2rd9xhon/Z1FdZWKau+1M9N0484dmmZ6dHA8e/3e0h5GKfC+U8L27t3bm3Rt24cvTQgQQQACBago0fEB40dptJ6WCxAPZt1SFwHMCjZR71XDf6u9Xs3NqJe9yjOauzjHDycxLiF7Mrncu+OCTx5/4vb1ffUVy7upJSQjMRsC0Zf3AIypyrBTYQ3PqX0IidL973fbV355NqRw7KRDNHkmE4d86s7dkHhrO/rI57d3o6eApEft2kLDLdvZ03kd/IIAAAgggUE2B2V/Zqlm7KucdrWgZJoN7o63joqIyF+k8K1WO33GN/S5I+FMb8SLd2tV/p4g+Z+IGNGZMNutuLL8cL16/J4H/0PCWNbtmXT4ZIDCPAtF+m83J5U+JWux3m50LXrRr86W5C9PMYxvqrejIfFFy2Z//9/vEH1KV5uLLeZZu3cRoX5EpKGb2uBf3yaUHgq9ce+0l+0vnSgoEEEAAAQQqI9CwAWE6GEzpb8p9KS4Rpk6+bvu6ByvDX3+5pN+bscQPpq88mh21lR/BTQTkMyFR9eblZkkFn9mvo317+zoPzCQbjkGgVgWi7Sgs4R7K2ll82lfX5F9d5r805U8Y6uuMt21MrTZ8juvVuqbvbdakX1DRI6tV9MQ+8ZqeHvoTUXnPyJaOkWqVR74IIIAAAgiUEmjIgLClc/vvaCL4ZSmc7Gk90aU7JU0n3dB7SXRT1vCflRsG/8uZnTcBMWUUtWBIWCxWjBFHWjT90+v9qsFOJ/7rlnh671DPpqcbvkMAWPAC2dtRxPhTiWJCP7ylI/ao4oIHLNDAaDRwcWrZV7xI/j1kY2EXyHzaseZVdYekgvcPbb/0zkY1p90IIIAAArUl0HAB4YUb+p8dmN5VrBumL0oipil/Ik/bc9VWbbz6bO/9zSJZU9lKbRtR5OZqyq/MvD+g6m6SsOlr2pTaPdtN72vrT4/aIFC+QNvaHb9nQfhvmfntxb++x8YJ7x/ubX9m+SUt/CNau/pWiLjrRGRJodbOKBaceDg2lquKmdnOhNN37NzScffCl6WFCCCAAAL1JtBQAeGqtTvO9EH4szKniVo4asftGVjzeL117lzVd9W67R8K1V0mKsvUq0Y3qpb5j+lVmBr1iYgTSZrYrV5lUEP99si2jp/MVd0pB4F6E2jr2vElE//udL1jRCzq3D8PbV79B/XWzmrU94K1204JEs3b1PwrJN/74nEKzX5iONV/fHueTD63exf+3u4ta38YJ1vSIIAAAgggMF8CDRMQtnT1v1BFbiseDGa/+p9eVNz7w3Y8weB8nZ6UiwAC+QRau/r3iunL07+L8S3eFMj6717Vsa1RNS98/eBfuNB/StPPn2KAFYPKE4RPDAp6eUScvmGkt31no1rTbgQQQACB+hOY5ZWxPhocBYMicltmxCrGI/XMdlL+8EE95qYd7U/WRyupJQIINJJA6/qBx0TlmLhtbko0H/3dntfti5u+3tO1rR14hQV6tYgdl27L9Pf54kXTExD5rx0mcsCp/uXQlvYv1LsZ9UcAAQQQaEyBBR8Qrlz93bPc4sOll18fnz6U3nXCwoOH3LEEg435R0GrEagHgYsvvmbZ4eXhPrFC21HkBjAm4kfO+X6TXH55tJX9gvxEq7FKk/uKmW6YvhJyVpPjPRcsZhR6ky96n7r8+u3rnlqQmDQKAQQQQKBhBBZ0QJi9Kl/pHh2bLmqSCn3qWC7ypcVIgQAC8yvQtmHwVDN/b/xpkPbIcO+aE+a31pUv/TUbBv93yttnRWXR+EVt1gOC06tpZm576Ef/1/Xb191f+VaQIwIIIIAAAvMjsGADwtd1D7x0NGU/iuZ+lnplZHLHBB11TU8fxzYG83MyUioCCJQv0Lqhf5WY7Iy+6IoOfKUXQzGxILhyZPPqN5RfUm0dseKN217WfCjoEdXnZFo2/lWf3t+v1Nd+TmMKu5mouZuSoXvH9X2Xlp5pUltE1AYBBBBAAIFYAgsyIMwsIKO3lRbIug0wObDoQOLEa6+9ZH/p40iBAAII1I7AqnU7/iZ0/gNlfKG/fbi3419qpwXxarKi++pjFyX9583Zm8WiBWJyP2WFgnn2F5oMK+1+89I9sm3NDfFqRioEEEAAAQTqV6CM+4f6aGRbV/+LTOQnJYcFoyfl40+RVZ8aDZ4+6caeTQfro5XUEgEEEMgVaO0auEPEnlf6uy9znE/oibt72h+uB8eW9QPvE5UrVGRxxeo7bdsJ84HT/7Nv1H9ob1/ngYqVQ0YIIIAAAgjUuMCCCggvecPVLz80mtpb+oYoKxg0eWq0aT/BYI2fqFQPAQRKC7Su70+KaqJYyvGBsWiW5f4TTlq096uvSJbOee5TvPqNW89bfKipx1SeFZWeO/oXcywwZy5o/omhKu7W8FDTpt07XhtjVsncO1AiAggggAAC1RZYMAFhy7qBF6uTW9JgJV+kyTTbRJ8a6W0/strI5I8AAgjMhcCK7iuXNKWWHkh/w6W/B0t8xavuH97Svnwu6hanjLbugZMtdF+10Naoi14An/mn2GXARA6rcx8a3rz68zMvgSMRQAABBBBYGAKzuuDWCsHKjTte4ry/uXR9sp8q61PDBIOlyUiBAAJ1JXD+mr4VTQl3Q7SqSqFxtNzX5yxMJfyzr+9Ze898NXTl+oEP/vfF6HJVay49w6OMWmZPC422FBK7Tpr094Z6On5bRi4kRQABBBBAYEEL1H1AWE4wmHWj8dRogmmiC/rMpnEINLDAytf3f8iF+smiBJbZqW/8IqBerhja1vHBuWBbtfHqs0OxT2roO0Qla4rrlL0T0/vCxq9R3lFB0ydNpWukt31n/JxIiQACCCCAQOMIlHGprT2UzDuD4d7Sewxn3/novqWH5KQdO9oP116LqBECCCBQGYHWdX03iHMrSgWFopPjhab6mHtsyUlDQ6tSlalFJpeV3YMnaKjvVvPvE7Gjp44CVn7PQDXn/NcCt+gD3+153b5KtoW8EEAAAQQQWGgCdRsQnr9mx4qmJn9DrGBwbH8ucfqkezR9s3NooXUk7UEAAQSmCrR0DexTkSOLv1ed1+0WSwWfdE8t2j6T78voXcYgXNIVmPuUiJwWvc1Y6Lu69Hf4ZP0yU2Cjz9ila3okebcTW7ertzPGKwScLwgggAACCCCQdVWtL4yLurYcl5RFj2j0fkh0Y1AwrI1uH8aaafqke4JgsL56mtoigMBsBVo29IdqOm3Pvrj5qkgYit8jlvh4IKmw0HGhJALnwo+IyQUiGhTLf9qOD3EqM/Wg9Nd/9D8uaaafGtm6+vI42ZAGAQQQQAABBHIF6m6EsK37yuU+ufQpjfFiyfiCCsbIIOc9Agg0qED0AC0lix7JND/ueFzW5hTpJ25jx8WK5KaXEeuwohHk5KBguhUWTQnVwWRq9F3Xb193f4N2Lc1GAAEEEECgIgJ1FRC2te1abMcc2B89Ei59czMxerhveEvH0RXRIhMEEECgDgVes3H774Y++GaskHA8nsuO6yZ+Fm+Vl/IDwAKB6pQfm7N7gpRu2rWt46Y67AaqjAACCCCAQE0K1FVA2NrVlxJxE1ORCr+TEr1nEk0l1Sf0sSXPmMk7MDXZW1QKAQQQmKHAqrU7zvSBv1VEcr5Do+ziXAjiji2WV708uY4PRo7Xy+SwV//h3b2dny0vb1IjgAACCCCAQByBOPcBcfKpchrTlg07DqjZ4tIFTUwUfeLpE04+ce9XX5EsfQwpEEAAgYUvcO67ftC0/NGHbhJvLxtvbXUCvUKWWaXlFJy9Y2J6uqp5cZuDVPg/h/o6x6a7Lvz+oYUIIIAAAgjMh0BdBIStXf2Pi2iRaZ9THimbPD68tePY+QClTAQQQKDWBc5fP7AxoXZVeiZFLX28/EpNNg1t7/hBLVWLuiCAAAIIILCQBWrsbmA69cr1A792Kqdn1jQo/iw7/Vu1p4df8oOj5PLL/ULuONqGAAIIzEbgvNWDRy5ebHeJyPElRwkLz+yccRXGvtL3+4T7uh8dvYLFYWZMyYEIIIAAAgjMSqCmA8IL1w/8IBA5N93CODU1GR3e2rFoViIcjAACCDSQQEtX/xVO9c/MJt8tnFXz8y1GM5ahioVmdp0FwWUjm9t/NKtyOBgBBBBAAAEEKiIQJ8yqSEHlZtLatWObiF9b8riJmw/zT6fsiL19nQdKHkMCBBBAAIEcgYsvvmZZcnH4BnHyMa92qowvFRp3ydCsdBMTOqL9KlRvl1AvX5q07Tt2tB+GHQEEEEAAAQRqS6AmA8KWroEvqci7y6AytdFjh7Z2PVHGMSRFAAEEECgg0NY9cLKl3J+Ysz+U0B8hTk2jtV/SQZ54MQmj/28mh9Vb0qsccmIPRdkFGm47mFj8f2/sufQxgBFAAAEEEECgtgVqLiBs7Rp4r4h8MT6bSSoMn8n7J/HFSIkAAggggAACCCCAAAIIRAI1FRCu2rh9o/fBVbldM+WFFFOxaIvBsUSHkk3Pv6n/4l/QnQgggAACCCCAAAIIIIAAAuUJ1ExA2LpmxwpJ+Bsmqj+tZhZNVIqWEZ1Isjjhz7ump/N75TWZ1AgggAACCCCAAAIIIIAAApFATQSEqzqvPtsnwp/G6pL0nsUi4ah07hns6I91DIkQQAABBBBAAAEEEEAAAQSmCcx7QHje6l2nLl584N6oZiX3whqrfuiS79mzef2X6U8EEEAAAQQQQAABBBBAAIGZC8xrQLii++pjm1P+ERE/Vo/S1fnvvekvH9ra8bGZN5kjEUAAAQQQQAABBBBAAAEEIoHSEViVnNq6r1xuyWXRNhFBuoh8NZmynox3fvPuLZ2vr1KVyBYBBBBAAAEEEEAAAQQQaCiBeQsIW7sGDonIorjapvbDkS1rzo2bnnQIIIAAAggggAACCCCAAALFBeY8IDz3XT9oWv7QgwdNJRgvPNrrWLOHCMdHBr2IuPS7hb8Z6e14Fp2JAAIIIIAAAggggAACCCBQOYE5DQjPatu1/IRj9+8TU5eJ+fItIzP1Z7pvuLf96Mo1mZwQQAABBBBAAAEEEEAAAQQigTkJCNvadi32xx78uZqdFhWa2TnCRLN3mM/uj7GtJUwtlUwcOPLGnk0H6S4EEEAAAQQQQAABBBBAAIHKCsxJQNi6ftCLWM6s0JLNUPHhYTt+z8Cax0umJQECCCCAAAIIIIAAAggggEDZAlUPCNs2DPzYvJxT1likiQRN/tSdPZ33ld0iDkAAAQQQQAABBBBAAAEEEIglUPWAsLWr36LBwZIB4dg00SidiZ010rvm9lgtIBECCCCAAAIIIIAAAggggMCMBOYgIBwYD/VKV9BEnHcv2LV99c9LJyYFAggggAACCCCAAAIIIIDAbATmOSC09KuFmdFDtVQidcb1PWvvmU2DOBYBBBBAAAEEEEAAAQQQQCCeQPUDwvUD94hK8T0EVbyX4NTdWy59IF61SYUAAggggAACCCCAAAIIIDBbgaoHhFEFW7sG/NS95zMVNxHVxzTpzxzq63xkto3heAQQQAABBBBAAAEEEEAAgfgCcxIQRvsQ2rH77xTTZ6bDwGiZGZVbQrUNe7as+WX86pISAQQQQAABBBBAAAEEEECgUgJzEhBWqrLkgwACCCCAAAIIIIAAAgggUDkBAsLKWZITAggggAACCCCAAAIIIFBXAgSEddVdVBYBBBBAAAEEEEAAAQQQqJwAAWHlLMkJAQQQQAABBBBAAAEEEKgrAQLCuuouKosAAggggAACCCCAAAIIVE6AgLByluSEAAIIIIAAAggggAACCNSVAAFhXXUXlUUAAQQQQAABBBBAAAEEKidAQFg5S3JCAAEEEEAAAQQQQAABBOpKgICwrrqLyiKAAAIIIIAAAggggAAClRMgIKycJTkhgAACCCCAAAIIIIAAAnUlQEBYV91FZRFAAAEEEEAAAQQQQACBygkQEFbOkpwQQAABBBBAAAEEEEAAgboSICCsq+6isggggAACCCCAAAIIIIBA5QQICCtnSU4IIIAAAggggAACCCCAQF0JEBDWVXdRWQQQQAABBBBAAAEEEECgcgIEhJWzJCcEEEAAAQQQQAABBBBAoK4ECAjrqruoLAIIIIAAAggggAACCCBQOQECwspZkhMCCCCAAAIIIIAAAgggUFcCBIR11V1UFgEEEEAAAQQQQAABBBConAABYeUsyQkBBBBAAAEEEEAAAQQQqCsBAsK66i4qiwACCCCAAAIIIIAAAghUToCAsHKW5IQAAggggAACCCCAAAII1JUAAWFddReVRQABBBBAAAEEEEAAAQQqJ0BAWDlLckIAAQQQQAABBBBAAAEE6kqAgLCuuovKIoAAAggggAACCCCAAAKVEyAgrJwlOSGAAAIIIIAAAggggAACdSVAQFhX3UVlEUAAAQQQQAABBBBAAIHKCRAQVs6SnBBAAAEEEEAAAQQQQACBuhIgIKyr7qKyCCCAAAIIIIAAAggggEDlBAgIK2dJTggggAACCCCAAAIIIIBAXQkQENZVd1FZBBBAAAEEEEAAAQQQQKByAgSElbMkJwQQQAABBBBAAAEEEECgrgQICOuqu6gsAggggAACCCCAAAIIIFA5AQLCylmSEwIIIIAAAggggAACCCBQVwIEhHXVXVQWAQQQQAABBBBAAAEEEKicAAFh5SzJCQEEEEAAAQQQQAABBBCoKwECwrrqLiqLAAIIIIAAAggggAACCFROgICwcpbkhAACCCCAAAIIIIAAAgjUlQABYV11F5VFAAEEEEAAAQQQQAABBConQEBYOUtyQgABBBBAAAEEEEAAAQTqSoCAsK66i8oigAACCCCAAAIIIIAAApUTICCsnCU5IYAAAggggAACCCCAAAJ1JUBAWFfdRWURQAABBBBAAAEEEEAAgcoJEBBWzpKcEEAAAQQQQAABBBBAAIG6EiAgrKvuorIIIIAAAggggAACCCCAQOUECAgrZ0lOCCCAAAIIIIAAAggggEBdCRAQ1lV3UVkEEEAAAQQQQAABBBBAoHICBISVsyQnBBBAAAEEEEAAAQT+f/t1TAIAAIBAsH9rS7g8XAGRc5IAgZSAQ5iaS1kCBAgQIECAAAECBAj8BBzCn6UkAgQIECBAgAABAgQIpAQcwtRcyhIgQIAAAQIECBAgQOAn4BD+LCURIECAAAECBAgQIEAgJeAQpuZSlgABAgQIECBAgAABAj8Bh/BnKYkAAQIECBAgQIAAAQIpAYcwNZeyBAgQIECAAAECBAgQ+Ak4hD9LSQQIECBAgAABAgQIEEgJOISpuZQlQIAAAQIECBAgQIDAT8Ah/FlKIkCAAAECBAgQIECAQErAIUzNpSwBAgQIECBAgAABAgR+Ag7hz1ISAQIECBAgQIAAAQIEUgIOYWouZQkQIECAAAECBAgQIPATcAh/lpIIECBAgAABAgQIECCQEnAIU3MpS4AAAQIECBAgQIAAgZ+AQ/izlESAAAECBAgQIECAAIGUgEOYmktZAgQIECBAgAABAgQI/AQG7VMZpH09Oo8AAAAASUVORK5CYII=', 1, 'นายAdmin SuperAdmin', 'ผู้บริหาร', '2024-09-29', '18:21:04', NULL);

-- ----------------------------
-- Table structure for m_letter_type
-- ----------------------------
DROP TABLE IF EXISTS `m_letter_type`;
CREATE TABLE `m_letter_type`  (
  `lt_id` int NOT NULL AUTO_INCREMENT,
  `letter_type_name` varchar(255) CHARACTER SET utf8mb4 COLLATE utf8mb4_general_ci NOT NULL,
  `letter_type_status` int NOT NULL,
  PRIMARY KEY (`lt_id`) USING BTREE
) ENGINE = InnoDB AUTO_INCREMENT = 8 CHARACTER SET = utf8mb4 COLLATE = utf8mb4_general_ci ROW_FORMAT = Dynamic;

-- ----------------------------
-- Records of m_letter_type
-- ----------------------------
INSERT INTO `m_letter_type` VALUES (1, 'ทดสอบ2', 1);
INSERT INTO `m_letter_type` VALUES (2, 'ทดสอบ2', 0);
INSERT INTO `m_letter_type` VALUES (3, 'ทดสอบ2', 1);
INSERT INTO `m_letter_type` VALUES (5, 'ทดสอบ2', 1);
INSERT INTO `m_letter_type` VALUES (7, 'testa', 1);

-- ----------------------------
-- Table structure for m_menu
-- ----------------------------
DROP TABLE IF EXISTS `m_menu`;
CREATE TABLE `m_menu`  (
  `menu_id` int NOT NULL AUTO_INCREMENT,
  `menu_name` text CHARACTER SET utf8mb4 COLLATE utf8mb4_general_ci NULL,
  `menu_type` int NULL DEFAULT NULL COMMENT '1 admin\r\n2 member',
  `menu_imge` text CHARACTER SET utf8mb4 COLLATE utf8mb4_general_ci NULL,
  `menu_group` int NULL DEFAULT NULL,
  `menu_url` varchar(255) CHARACTER SET utf8mb4 COLLATE utf8mb4_general_ci NULL DEFAULT NULL,
  `manager_status` varchar(1) CHARACTER SET utf8mb4 COLLATE utf8mb4_general_ci NULL DEFAULT NULL,
  `order_menu` int NULL DEFAULT NULL,
  PRIMARY KEY (`menu_id`) USING BTREE
) ENGINE = InnoDB AUTO_INCREMENT = 7 CHARACTER SET = utf8mb4 COLLATE = utf8mb4_general_ci ROW_FORMAT = Dynamic;

-- ----------------------------
-- Records of m_menu
-- ----------------------------
INSERT INTO `m_menu` VALUES (1, 'ข้อมูลผู้ใช้งาน', 1, NULL, 1, 'usr_main.php', NULL, 1);
INSERT INTO `m_menu` VALUES (2, 'ตั้งค่าประเภทคำร้อง', 1, NULL, 1, 'setup_letter_type.php', NULL, 2);
INSERT INTO `m_menu` VALUES (3, 'ยื่นคำขอ', 2, NULL, 2, 'frmSend.php', 'Y', 2);
INSERT INTO `m_menu` VALUES (4, 'ตั้งค่าหน่วยงาน/ฝ่าย', 1, NULL, 1, 'setup_department.php', NULL, 3);
INSERT INTO `m_menu` VALUES (5, 'ตั้งค่าตำแหน่ง', 1, NULL, 1, 'setup_postion.php', NULL, 4);
INSERT INTO `m_menu` VALUES (6, 'อนุมัติ (Hr)', 1, NULL, 1, 'approved_list.php', NULL, 5);

-- ----------------------------
-- Table structure for m_prefix
-- ----------------------------
DROP TABLE IF EXISTS `m_prefix`;
CREATE TABLE `m_prefix`  (
  `prefix_id` int NOT NULL AUTO_INCREMENT,
  `prefix_name` varchar(255) CHARACTER SET utf8mb4 COLLATE utf8mb4_general_ci NULL DEFAULT NULL,
  `prefix_status` int NULL DEFAULT NULL,
  PRIMARY KEY (`prefix_id`) USING BTREE
) ENGINE = InnoDB AUTO_INCREMENT = 3 CHARACTER SET = utf8mb4 COLLATE = utf8mb4_general_ci ROW_FORMAT = Dynamic;

-- ----------------------------
-- Records of m_prefix
-- ----------------------------
INSERT INTO `m_prefix` VALUES (1, 'นาย', 1);
INSERT INTO `m_prefix` VALUES (2, 'นางสาว', 1);

-- ----------------------------
-- Table structure for m_user
-- ----------------------------
DROP TABLE IF EXISTS `m_user`;
CREATE TABLE `m_user`  (
  `usr_id` int NOT NULL AUTO_INCREMENT COMMENT 'รหัสพนักงาน',
  `usr_username` varchar(50) CHARACTER SET utf8mb4 COLLATE utf8mb4_general_ci NULL DEFAULT NULL,
  `usr_password` text CHARACTER SET utf8mb4 COLLATE utf8mb4_general_ci NULL,
  `usr_fname` varchar(255) CHARACTER SET utf8mb4 COLLATE utf8mb4_general_ci NULL DEFAULT NULL,
  `usr_lname` varchar(255) CHARACTER SET utf8mb4 COLLATE utf8mb4_general_ci NULL DEFAULT NULL,
  `usr_gender` int NULL DEFAULT NULL,
  `usr_email` varchar(50) CHARACTER SET utf8mb4 COLLATE utf8mb4_general_ci NULL DEFAULT NULL,
  `usr_tel` varchar(50) CHARACTER SET utf8mb4 COLLATE utf8mb4_general_ci NULL DEFAULT NULL,
  `dep_id` int NULL DEFAULT NULL,
  `usr_position` int NULL DEFAULT NULL,
  `usr_type` int NULL DEFAULT NULL,
  `usr_idcard` varchar(20) CHARACTER SET utf8mb4 COLLATE utf8mb4_general_ci NULL DEFAULT NULL,
  `usr_status` varchar(1) CHARACTER SET utf8mb4 COLLATE utf8mb4_general_ci NULL DEFAULT NULL,
  `prefix_id` int NULL DEFAULT NULL,
  `usr_year` int NULL DEFAULT NULL,
  `usr_count` int NULL DEFAULT NULL,
  PRIMARY KEY (`usr_id`) USING BTREE
) ENGINE = InnoDB AUTO_INCREMENT = 15 CHARACTER SET = utf8mb4 COLLATE = utf8mb4_general_ci ROW_FORMAT = Dynamic;

-- ----------------------------
-- Records of m_user
-- ----------------------------
INSERT INTO `m_user` VALUES (1, 'admin', 'MQ==', 'Admin', 'SuperAdmin', 1, '', '', 1, 2, 1, '', 'Y', 1, 2024, 1);
INSERT INTO `m_user` VALUES (4, '20240001', 'YXNkZg==', 'asdf', 'asdf', 2, 'asdf', 'asdf', 1, 2, NULL, 'asdf', 'N', 1, NULL, NULL);
INSERT INTO `m_user` VALUES (5, '670001', 'YXNkZg==', 'asdf', 'asdf', 2, 'asdf', 'asdf', 1, 2, NULL, 'asdf', 'N', 1, NULL, NULL);
INSERT INTO `m_user` VALUES (6, '670001', 'YXNkZg==', 'asdf', 'asdf', 2, 'asdf', 'asdf', 1, 2, NULL, 'asdf', 'Y', 1, 2024, 0);
INSERT INTO `m_user` VALUES (7, '670001', 'YXNkZg==', 'asdf', 'asdf', 2, 'asdf', 'asdf', 1, 2, NULL, 'asdf', 'Y', 1, 2024, 0);
INSERT INTO `m_user` VALUES (8, '670002', 'YXNkZg==', 'asdf', 'asdf', 2, 'asdf', 'asdf', 1, 2, NULL, 'asdf', 'Y', 1, 2024, 2);
INSERT INTO `m_user` VALUES (9, '670003', 'YXNkZg==', 'asdf', 'asdf', 2, 'asdf', 'asdf', 1, 2, NULL, 'asdf', 'Y', 1, 2024, 3);
INSERT INTO `m_user` VALUES (10, '670004', 'YXNkZg==', 'asdfasdf', 'asdf', 1, 'asdf', 'asdf', 1, 2, 1, 'asdf', 'Y', 1, 2024, 4);
INSERT INTO `m_user` VALUES (11, '670005', 'YXNkZg==', 'asdf', 'asdf', 1, 'asdf', 'asdf', 1, 2, 0, 'asdf', 'Y', 1, 2024, 5);
INSERT INTO `m_user` VALUES (12, '670006', 'ZmFzZGY=', 'asdf', 'asdf', 1, 'asdf', 'asdf', 1, 2, 0, 'fasdf', 'Y', 2, 2024, 6);
INSERT INTO `m_user` VALUES (13, '670007', 'ZmFzZGY=', 'asdf', 'asdf', 1, 'asdf', 'asdf', 1, 2, 1, 'fasdf', 'Y', 2, 2024, 7);
INSERT INTO `m_user` VALUES (14, '670008', 'ZmFzZGZh', 'asdfaaaaaaaaaaaaaaa', 'asdf', 1, 'asdf', 'asdfa', 1, 2, 0, 'fasdfa', 'Y', 2, 2024, 8);

-- ----------------------------
-- Table structure for usr_department
-- ----------------------------
DROP TABLE IF EXISTS `usr_department`;
CREATE TABLE `usr_department`  (
  `dep_id` int NOT NULL AUTO_INCREMENT,
  `dep_name` varchar(400) CHARACTER SET utf8mb4 COLLATE utf8mb4_general_ci NULL DEFAULT NULL,
  `dep_status` int NULL DEFAULT NULL COMMENT '0 : unactive 1: active',
  PRIMARY KEY (`dep_id`) USING BTREE
) ENGINE = InnoDB AUTO_INCREMENT = 4 CHARACTER SET = utf8mb4 COLLATE = utf8mb4_general_ci ROW_FORMAT = Dynamic;

-- ----------------------------
-- Records of usr_department
-- ----------------------------
INSERT INTO `usr_department` VALUES (1, 'Hr', 1);
INSERT INTO `usr_department` VALUES (3, 'IT', 1);

-- ----------------------------
-- Table structure for usr_position
-- ----------------------------
DROP TABLE IF EXISTS `usr_position`;
CREATE TABLE `usr_position`  (
  `pos_id` int NOT NULL AUTO_INCREMENT,
  `pos_name` varchar(255) CHARACTER SET utf8mb4 COLLATE utf8mb4_general_ci NOT NULL,
  `pos_status` int NOT NULL COMMENT '1 ใช้งาน 2 ไม่ใช้งาน',
  `is_manager` varchar(1) CHARACTER SET utf8mb4 COLLATE utf8mb4_general_ci NOT NULL COMMENT 'N ไม่ใช่ผู้จัดการ  Y ผู้จัดการ',
  PRIMARY KEY (`pos_id`) USING BTREE
) ENGINE = InnoDB AUTO_INCREMENT = 4 CHARACTER SET = utf8mb4 COLLATE = utf8mb4_general_ci ROW_FORMAT = Dynamic;

-- ----------------------------
-- Records of usr_position
-- ----------------------------
INSERT INTO `usr_position` VALUES (2, 'ผู้บริหาร', 1, 'Y');

-- ----------------------------
-- View structure for view_user
-- ----------------------------
DROP VIEW IF EXISTS `view_user`;
CREATE ALGORITHM = UNDEFINED SQL SECURITY DEFINER VIEW `view_user` AS SELECT
	usr_fname,
	usr_lname,
	usr_id,
	usr_type,
	dep_name,
	pos_name,
	is_manager,
	prefix_name,
	m_user.dep_id,
	usr_status,
	CONCAT(prefix_name,usr_fname,' ',usr_lname) as fullname,usr_position,m_user.prefix_id
FROM
	m_user
	INNER JOIN usr_position ON usr_position.pos_id = m_user.usr_position
	INNER JOIN usr_department ON usr_department.dep_id = m_user.dep_id
	INNER JOIN m_prefix ON m_prefix.prefix_id = m_user.prefix_id ;

SET FOREIGN_KEY_CHECKS = 1;
